{
    "$schema": "https://schema.management.azure.com/schemas/2019-04-01/deploymentTemplate.json#",
    "contentVersion": "1.0.0.0",
    "parameters": {
        "workspace": {
            "type": "String"
        }
    },
    "resources": [
        {
            "id": "[concat(resourceId('Microsoft.OperationalInsights/workspaces/providers', parameters('workspace'), 'Microsoft.SecurityInsights'),'/AutomationRules/d2f15c44-8713-48c0-9918-1c4877586d84')]",
            "name": "[concat(parameters('workspace'),'/Microsoft.SecurityInsights/d2f15c44-8713-48c0-9918-1c4877586d84')]",
            "type": "Microsoft.OperationalInsights/workspaces/providers/automationRules",
            "properties": {
                "displayName": "Azure AD account locked",
                "order": 9,
                "triggeringLogic": {
                    "isEnabled": true,
                    "triggersOn": "Incidents",
                    "triggersWhen": "Created",
                    "conditions": [
                        {
                            "conditionType": "Property",
                            "conditionProperties": {
                                "propertyName": "IncidentRelatedAnalyticRuleIds",
                                "operator": "Contains",
                                "propertyValues": "[concat(resourceId('Microsoft.OperationalInsights/workspaces/providers', parameters('workspace'), 'Microsoft.SecurityInsights'),'/alertRules/bbe99141-f017-46b2-8730-09c54351ae1d')]"
                            }
                        },
                        {
                            "conditionType": "Property",
                            "conditionProperties": {
                                "propertyName": "IPAddress",
                                "operator": "StartsWith",
                                "propertyValues": "[concat(resourceId('Microsoft.OperationalInsights/workspaces/providers', parameters('workspace'), 'Microsoft.SecurityInsights'),'/alertRules/50.204.198')]"
                            }
                        }
                    ]
                },
                "actions": [
                    {
                        "order": 1,
                        "actionType": "ModifyProperties",
                        "actionConfiguration": {
                            "severity": null,
                            "status": "Closed",
                            "classification": "BenignPositive",
                            "classificationReason": "SuspiciousButExpected",
                            "classificationComment": "5Q Georgia machines",
                            "owner": null,
                            "labels": null
                        }
                    },
                    {
                        "order": 2,
                        "actionType": "ModifyProperties",
                        "actionConfiguration": {
                            "severity": null,
                            "status": null,
                            "classification": null,
                            "classificationReason": null,
                            "classificationComment": null,
                            "owner": {
                                "objectId": "8ca2fbd0-263f-4bb8-86f5-6eee0ca77f74",
                                "email": "Sentinel@5qcloud.com",
                                "assignedTo": "Sentinel",
                                "userPrincipalName": "Sentinel@5qcloud.com"
                            },
                            "labels": null
                        }
                    }
                ]
            }
        }
    ]
}
