{
    "$schema": "https://schema.management.azure.com/schemas/2019-04-01/deploymentTemplate.json#",
    "contentVersion": "1.0.0.0",
    "parameters": {
        "workspace": {
            "type": "String"
        }
    },
    "resources": [
        {
            "id": "[concat(resourceId('Microsoft.OperationalInsights/workspaces/providers', parameters('workspace'), 'Microsoft.SecurityInsights'),'/alertRules/0b85a077-8ba5-4cb5-90f7-1e882afe10c4')]",
            "name": "[concat(parameters('workspace'),'/Microsoft.SecurityInsights/0b85a077-8ba5-4cb5-90f7-1e882afe10c4')]",
            "type": "Microsoft.OperationalInsights/workspaces/providers/alertRules",
            "kind": "Scheduled",
            "properties": {
                "incidentConfiguration": {
                    "createIncident": true,
                    "groupingConfiguration": {
                        "enabled": false,
                        "reopenClosedIncident": false,
                        "lookbackDuration": "PT5M",
                        "matchingMethod": "AllEntities",
                    "groupByEntities": [],
                    "groupByAlertDetails": null,
                    "groupByCustomDetails": null
                }
            },
            "queryFrequency": "PT6H",
            "queryPeriod": "PT6H",
            "triggerOperator": "GreaterThan",
            "triggerThreshold": 0,
            "severity": "Medium",
            "query": "GitHubAuditLogPolling_CL\r\n| where action_s == \"payment_method.remove\"",
            "suppressionDuration": "PT1H",
            "suppressionEnabled": false,
            "tactics": [
                "Persistence",
                "Exfiltration",
                "DefenseEvasion"
            ],
            "displayName": "(Preview) GitHub - A payment method was removed",
            "enabled": false,
            "description": "This analytic alerts us everytime a payment method was removed, it runs every 6 hours and its severity is Medium.",
            "alertRuleTemplateName": null
        },
        "apiVersion": "2021-09-01-preview"
    }
]
}
