{
    "$schema": "https://schema.management.azure.com/schemas/2019-04-01/deploymentTemplate.json#",
    "contentVersion": "1.0.0.0",
    "parameters": {
        "workspace": {
            "type": "String"
        }
    },
    "resources": [
        {
            "id": "[concat(resourceId('Microsoft.OperationalInsights/workspaces/providers', parameters('workspace'), 'Microsoft.SecurityInsights'),'/alertRules/2798ae74-8bcd-492c-9ff0-a3b51d9a7e86')]",
            "name": "[concat(parameters('workspace'),'/Microsoft.SecurityInsights/2798ae74-8bcd-492c-9ff0-a3b51d9a7e86')]",
            "type": "Microsoft.OperationalInsights/workspaces/providers/alertRules",
            "kind": "Scheduled",
            "properties": {
                "incidentConfiguration": {
                    "createIncident": true,
                    "groupingConfiguration": {
                        "enabled": false,
                        "reopenClosedIncident": false,
                        "lookbackDuration": "PT5H",
                        "matchingMethod": "AllEntities",
                    "groupByEntities": [],
                    "groupByAlertDetails": null,
                    "groupByCustomDetails": null
                }
            },
            "queryFrequency": "PT1H",
            "queryPeriod": "P14D",
            "triggerOperator": "GreaterThan",
            "triggerThreshold": 0,
            "eventGroupingSettings": {
                "aggregationKind": "SingleAlert"
            },
            "severity": "Medium",
            "query": "let dt_lookBack = 1h;\nlet ioc_lookBack = 14d;\nThreatIntelligenceIndicator\n| where TimeGenerated >= ago(ioc_lookBack) and ExpirationDateTime > now()\n| where Active == true\n// Picking up only IOC's that contain the entities we want\n| where isnotempty(NetworkIP) or isnotempty(EmailSourceIpAddress) or isnotempty(NetworkDestinationIP) or isnotempty(NetworkSourceIP)\n// As there is potentially more than 1 indicator type for matching IP, taking NetworkIP first, then others if that is empty.\n// Taking the first non-empty value based on potential IOC match availability\n| extend TI_ipEntity = iff(isnotempty(NetworkIP), NetworkIP, NetworkDestinationIP)\n| extend TI_ipEntity = iff(isempty(TI_ipEntity) and isnotempty(NetworkSourceIP), NetworkSourceIP, TI_ipEntity)\n| extend TI_ipEntity = iff(isempty(TI_ipEntity) and isnotempty(EmailSourceIpAddress), EmailSourceIpAddress, TI_ipEntity)\n| join (\n    AzureActivity | where TimeGenerated >= ago(dt_lookBack)\n    // renaming time column so it is clear the log this came from\n    | extend AzureActivity_TimeGenerated = TimeGenerated\n)\non $left.TI_ipEntity == $right.CallerIpAddress\n| summarize LatestIndicatorTime = arg_max(TimeGenerated, *) by IndicatorId\n| project LatestIndicatorTime, Description, ActivityGroupNames, IndicatorId, ThreatType, Url, ExpirationDateTime, ConfidenceScore, AzureActivity_TimeGenerated,\nTI_ipEntity, CallerIpAddress, Caller, OperationName, ActivityStatus, Category, ResourceId, NetworkIP, NetworkDestinationIP, NetworkSourceIP, EmailSourceIpAddress\n| extend timestamp = AzureActivity_TimeGenerated, IPCustomEntity = CallerIpAddress, AccountCustomEntity = Caller, URLCustomEntity = Url",
            "suppressionDuration": "PT5H",
            "suppressionEnabled": false,
            "tactics": [
                "Impact"
            ],
            "displayName": "(Preview) TI map IP entity to AzureActivity",
            "enabled": true,
            "description": "Identifies a match in AzureActivity from any IP IOC from TI",
            "alertRuleTemplateName": "2441bce9-02e4-407b-8cc7-7d597f38b8b0"
        },
        "apiVersion": "2021-09-01-preview"
    }
]
}
