{
    "$schema": "https://schema.management.azure.com/schemas/2019-04-01/deploymentTemplate.json#",
    "contentVersion": "1.0.0.0",
    "parameters": {
        "workspace": {
            "type": "String"
        }
    },
    "resources": [
        {
            "id": "[concat(resourceId('Microsoft.OperationalInsights/workspaces/providers', parameters('workspace'), 'Microsoft.SecurityInsights'),'/alertRules/1f003673-eaed-41a1-9b4f-11dc8c5c4a53')]",
            "name": "[concat(parameters('workspace'),'/Microsoft.SecurityInsights/1f003673-eaed-41a1-9b4f-11dc8c5c4a53')]",
            "type": "Microsoft.OperationalInsights/workspaces/providers/alertRules",
            "kind": "Scheduled",
            "properties": {
                "incidentConfiguration": {
                    "createIncident": true,
                    "groupingConfiguration": {
                        "enabled": false,
                        "reopenClosedIncident": false,
                        "lookbackDuration": "PT5H",
                        "matchingMethod": "AllEntities",
                    "groupByEntities": [],
                    "groupByAlertDetails": null,
                    "groupByCustomDetails": null
                }
            },
            "queryFrequency": "PT1H",
            "queryPeriod": "P14D",
            "triggerOperator": "GreaterThan",
            "triggerThreshold": 0,
            "eventGroupingSettings": {
                "aggregationKind": "SingleAlert"
            },
            "severity": "Medium",
            "query": "let dt_lookBack = 1h;\nlet ioc_lookBack = 14d;\n//Create a list of TLDs in our threat feed for later validation\nlet list_tlds = ThreatIntelligenceIndicator\n| where TimeGenerated > ago(ioc_lookBack)\n| where isnotempty(DomainName)\n| extend parts = split(DomainName, '.')\n| extend tld = parts[(array_length(parts)-1)]\n| summarize count() by tostring(tld)\n| summarize make_list(tld);\nThreatIntelligenceIndicator\n| where TimeGenerated >= ago(ioc_lookBack) and ExpirationDateTime > now()\n| where Active == true\n// Picking up only IOC's that contain the entities we want\n| where isnotempty(DomainName)\n| join (\n    SecurityAlert\n    | where TimeGenerated > ago(dt_lookBack)\n    //Extract domain patterns from message\n    | extend domain = extract(\"(([a-z0-9]+(-[a-z0-9]+)*\\\\.)+[a-z]{2,})\", 1, tolower(Entities))\n    | where isnotempty(domain)\n    | extend parts = split(domain, '.')\n    //Split out the TLD\n    | extend tld = parts[(array_length(parts)-1)]\n    //Validate parsed domain by checking if the TLD is in the list of TLDs in our threat feed\n    | where tld in~ (list_tlds)\n    // Converting Entities into dynamic data type and use mv-expand to unpack the array\n    | extend EntitiesDynamicArray = parse_json(Entities) | mv-expand EntitiesDynamicArray\n    // Parsing relevant entity column extract hostname and IP address\n    | extend EntityType = tostring(parse_json(EntitiesDynamicArray).Type), EntityAddress = tostring(EntitiesDynamicArray.Address), EntityHostName = tostring(EntitiesDynamicArray.HostName)\n    | extend HostName = iif(EntityType == 'host', EntityHostName, '')\n    | extend IP_addr = iif(EntityType == 'ip', EntityAddress, '')\n    | extend Alert_TimeGenerated = TimeGenerated\n    | extend Alert_Description = Description\n) on $left.DomainName==$right.domain\n| summarize LatestIndicatorTime = arg_max(TimeGenerated, *) by IndicatorId\n| project LatestIndicatorTime, Description, ActivityGroupNames, IndicatorId, ThreatType, ExpirationDateTime, ConfidenceScore, Alert_TimeGenerated, AlertName, Alert_Description, ProviderName, AlertSeverity, ConfidenceLevel, HostName, IP_addr, Url\n| extend timestamp = Alert_TimeGenerated, HostCustomEntity = HostName, IPCustomEntity = IP_addr, URLCustomEntity = Url",
            "suppressionDuration": "PT5H",
            "suppressionEnabled": false,
            "tactics": [
                "Impact"
            ],
            "displayName": "(Preview) TI map Domain entity to SecurityAlert",
            "enabled": true,
            "description": "Identifies a match in SecurityAlert table from any Domain IOC from TI",
            "alertRuleTemplateName": "87890d78-3e05-43ec-9ab9-ba32f4e01250"
        },
        "apiVersion": "2021-09-01-preview"
    }
]
}
