{
    "$schema": "https://schema.management.azure.com/schemas/2019-04-01/deploymentTemplate.json#",
    "contentVersion": "1.0.0.0",
    "parameters": {
        "workspace": {
            "type": "String"
        }
    },
    "resources": [
        {
            "id": "[concat(resourceId('Microsoft.OperationalInsights/workspaces/providers', parameters('workspace'), 'Microsoft.SecurityInsights'),'/alertRules/9c30ae0a-a633-4ded-8100-94acaa0577a1')]",
            "name": "[concat(parameters('workspace'),'/Microsoft.SecurityInsights/9c30ae0a-a633-4ded-8100-94acaa0577a1')]",
            "type": "Microsoft.OperationalInsights/workspaces/providers/alertRules",
            "kind": "Scheduled",
            "properties": {
                "incidentConfiguration": {
                    "createIncident": true,
                    "groupingConfiguration": {
                        "enabled": false,
                        "reopenClosedIncident": false,
                        "lookbackDuration": "PT5H",
                        "matchingMethod": "AllEntities",
                    "groupByEntities": [],
                    "groupByAlertDetails": null,
                    "groupByCustomDetails": null
                }
            },
            "queryFrequency": "PT1H",
            "queryPeriod": "P14D",
            "triggerOperator": "GreaterThan",
            "triggerThreshold": 0,
            "eventGroupingSettings": {
                "aggregationKind": "SingleAlert"
            },
            "severity": "Medium",
            "query": "let dt_lookBack = 1h;\nlet ioc_lookBack = 14d;\nlet emailregex = @'^[a-zA-Z0-9_.+-]+@[a-zA-Z0-9-]+\\.[a-zA-Z0-9-.]+$';\nThreatIntelligenceIndicator\n| where TimeGenerated >= ago(ioc_lookBack) and ExpirationDateTime > now()\n| where Active == true\n//Filtering the table for Email related IOCs\n| where isnotempty(EmailRecipient)\n| join (\n    SecurityEvent | where TimeGenerated >= ago(dt_lookBack) and isnotempty(TargetUserName)\n    //Normalizing the column to lower case for exact match with EmailRecipient column\n    | extend TargetUserName = tolower(TargetUserName)\n    // renaming timestamp column so it is clear the log this came from SecurityEvent table\n    | extend SecurityEvent_TimeGenerated = TimeGenerated\n)\non $left.EmailRecipient == $right.TargetUserName\n| summarize LatestIndicatorTime = arg_max(TimeGenerated, *) by IndicatorId\n| project LatestIndicatorTime, Description, ActivityGroupNames, IndicatorId, ThreatType, Url, ExpirationDateTime, ConfidenceScore, SecurityEvent_TimeGenerated,\nEmailSenderName, EmailSourceDomain, EmailSourceIpAddress, EmailSubject, FileHashValue, FileHashType, Computer, EventID, TargetUserName, Activity, IpAddress, AccountType,\nLogonTypeName, LogonProcessName, Status, SubStatus\n| extend timestamp = SecurityEvent_TimeGenerated, AccountCustomEntity = TargetUserName, IPCustomEntity = IpAddress, HostCustomEntity = Computer, URLCustomEntity = Url",
            "suppressionDuration": "PT5H",
            "suppressionEnabled": false,
            "tactics": [
                "Impact"
            ],
            "displayName": "(Preview) TI map Email entity to SecurityEvent",
            "enabled": true,
            "description": "Identifies a match in SecurityEvent table from any Email IOC from TI",
            "alertRuleTemplateName": "2fc5d810-c9cc-491a-b564-841427ae0e50"
        },
        "apiVersion": "2021-09-01-preview"
    }
]
}
