{
    "$schema": "https://schema.management.azure.com/schemas/2019-04-01/deploymentTemplate.json#",
    "contentVersion": "1.0.0.0",
    "parameters": {
        "workspace": {
            "type": "String"
        }
    },
    "resources": [
        {
            "id": "[concat(resourceId('Microsoft.OperationalInsights/workspaces/providers', parameters('workspace'), 'Microsoft.SecurityInsights'),'/alertRules/76bbdbd4-1193-4a8c-9876-2049b173cbe7')]",
            "name": "[concat(parameters('workspace'),'/Microsoft.SecurityInsights/76bbdbd4-1193-4a8c-9876-2049b173cbe7')]",
            "type": "Microsoft.OperationalInsights/workspaces/providers/alertRules",
            "kind": "Scheduled",
            "properties": {
                "incidentConfiguration": {
                    "createIncident": true,
                    "groupingConfiguration": {
                        "enabled": false,
                        "reopenClosedIncident": false,
                        "lookbackDuration": "PT5H",
                        "matchingMethod": "AllEntities",
                    "groupByEntities": [],
                    "groupByAlertDetails": null,
                    "groupByCustomDetails": null
                }
            },
            "queryFrequency": "PT1H",
            "queryPeriod": "P14D",
            "triggerOperator": "GreaterThan",
            "triggerThreshold": 0,
            "eventGroupingSettings": {
                "aggregationKind": "SingleAlert"
            },
            "severity": "Medium",
            "query": "let dt_lookBack = 1h;\nlet ioc_lookBack = 14d;\n//Create a list of TLDs in our threat feed for later validation of extracted domains\nlet list_tlds = ThreatIntelligenceIndicator\n    | where TimeGenerated > ago(ioc_lookBack)\n    | where isnotempty(DomainName)\n    | extend DomainName = tolower(DomainName)\n    | extend parts = split(DomainName, '.')\n    | extend tld = parts[(array_length(parts)-1)]\n    | summarize count() by tostring(tld)\n    | summarize make_list(tld);\n    ThreatIntelligenceIndicator\n    | where TimeGenerated >= ago(ioc_lookBack) and ExpirationDateTime > now()\n    | summarize LatestIndicatorTime = arg_max(TimeGenerated, *) by IndicatorId\n    | where Active == true\n    // Picking up only IOC's that contain the entities we want\n    | where isnotempty(DomainName)\n    | join (\n        CommonSecurityLog\n        | extend IngestionTime = ingestion_time()\n        | where IngestionTime > ago(dt_lookBack)\n        | where DeviceEventClassID =~ 'url'\n        //Uncomment the line below to only alert on allowed connections\n        //| where DeviceAction !~ \"block-url\"\n        //Extract domain from RequestURL, if not present extarct it from AdditionalExtentions\n        | extend PA_Url = columnifexists(\"RequestURL\", \"None\")\n        | extend PA_Url = iif(isempty(PA_Url) and AdditionalExtensions !startswith \"PanOS\", extract(\"([^\\\"]+)\", 1, tolower(AdditionalExtensions)), trim('\"', PA_Url))\n        | extend PA_Url = iif(PA_Url !startswith \"http://\" and ApplicationProtocol !~ \"ssl\", strcat('http://', PA_Url), iif(PA_Url !startswith \"https://\" and ApplicationProtocol =~ \"ssl\", strcat('https://', PA_Url), PA_Url))\n        | extend Domain = trim(@\"\"\"\",tostring(parse_url(PA_Url).Host))\n        | where isnotempty(Domain)\n        | extend Domain = tolower(Domain)\n        | extend parts = split(Domain, '.')\n        //Split out the TLD for the purpose of checking if we have any TI indicators with this TLD to match on\n        | extend tld = parts[(array_length(parts)-1)]\n        //Validate parsed domain by checking TLD against TLDs from threat feed and drop domains where there is no chance of a match\n        | where tld in~ (list_tlds)\n        | extend CSL_TimeGenerated = TimeGenerated\n    ) on $left.DomainName==$right.Domain\n    | project LatestIndicatorTime, Description, ActivityGroupNames, PA_Url, Domain, IndicatorId, ThreatType, ExpirationDateTime, ConfidenceScore, CSL_TimeGenerated, DeviceAction, DestinationIP, DestinationPort, DeviceName, SourceIP, SourcePort, ApplicationProtocol, RequestMethod\n    | extend timestamp = CSL_TimeGenerated, IPCustomEntity = SourceIP, HostCustomEntity = DeviceName, URLCustomEntity = PA_Url",
            "suppressionDuration": "PT5H",
            "suppressionEnabled": false,
            "tactics": [
                "Impact"
            ],
            "displayName": "(Preview) TI map Domain entity to CommonSecurityLog",
            "enabled": true,
            "description": "Identifies a match in CommonSecurityLog table from any Domain IOC from TI",
            "alertRuleTemplateName": "dd0a6029-ecef-4507-89c4-fc355ac52111"
        },
        "apiVersion": "2021-09-01-preview"
    }
]
}
