{
    "$schema": "https://schema.management.azure.com/schemas/2019-04-01/deploymentTemplate.json#",
    "contentVersion": "1.0.0.0",
    "parameters": {
        "workspace": {
            "type": "String"
        }
    },
    "resources": [
        {
            "id": "[concat(resourceId('Microsoft.OperationalInsights/workspaces/providers', parameters('workspace'), 'Microsoft.SecurityInsights'),'/alertRules/55ad7fbe-f67f-4fd5-8315-3a27e34e9944')]",
            "name": "[concat(parameters('workspace'),'/Microsoft.SecurityInsights/55ad7fbe-f67f-4fd5-8315-3a27e34e9944')]",
            "type": "Microsoft.OperationalInsights/workspaces/providers/alertRules",
            "kind": "Scheduled",
            "properties": {
                "incidentConfiguration": {
                    "createIncident": true,
                    "groupingConfiguration": {
                        "enabled": false,
                        "reopenClosedIncident": false,
                        "lookbackDuration": "PT5H",
                        "matchingMethod": "AllEntities",
                    "groupByEntities": [],
                    "groupByAlertDetails": null,
                    "groupByCustomDetails": null
                }
            },
            "queryFrequency": "PT1H",
            "queryPeriod": "P14D",
            "triggerOperator": "GreaterThan",
            "triggerThreshold": 0,
            "eventGroupingSettings": {
                "aggregationKind": "SingleAlert"
            },
            "severity": "Medium",
            "query": "let dt_lookBack = 1h;\nlet ioc_lookBack = 14d;\nlet emailregex = @'^[a-zA-Z0-9_.+-]+@[a-zA-Z0-9-]+\\.[a-zA-Z0-9-.]+$';\nThreatIntelligenceIndicator\n| where TimeGenerated >= ago(ioc_lookBack) and ExpirationDateTime > now()\n| where Active == true\n//Filtering the table for Email related IOCs\n| where isnotempty(EmailRecipient)\n| join (\n    AzureActivity | where TimeGenerated >= ago(dt_lookBack) and isnotempty(Caller)\n    | extend Caller = tolower(Caller)\n    | where Caller matches regex emailregex\n    | extend AzureActivity_TimeGenerated = TimeGenerated\n)\non $left.EmailRecipient == $right.Caller\n| summarize LatestIndicatorTime = arg_max(TimeGenerated, *) by IndicatorId\n| project LatestIndicatorTime, Description, ActivityGroupNames, IndicatorId, ThreatType, ExpirationDateTime, ConfidenceScore, Url, AzureActivity_TimeGenerated,\nEmailSenderName, EmailSourceDomain, EmailSourceIpAddress, EmailSubject, FileHashValue, FileHashType, Caller, Level, CallerIpAddress, Category, OperationName,\nOperationNameValue, ActivityStatus, ResourceGroup, SubscriptionId\n| extend timestamp = AzureActivity_TimeGenerated, AccountCustomEntity = Caller, IPCustomEntity = CallerIpAddress, URLCustomEntity = Url",
            "suppressionDuration": "PT5H",
            "suppressionEnabled": false,
            "tactics": [
                "Impact"
            ],
            "displayName": "(Preview) TI map Email entity to AzureActivity",
            "enabled": true,
            "description": "Identifies a match in AzureActivity table from any Email IOC from TI",
            "alertRuleTemplateName": "cca3b4d9-ac39-4109-8b93-65bb284003e6"
        },
        "apiVersion": "2021-09-01-preview"
    }
]
}
