{
    "$schema": "https://schema.management.azure.com/schemas/2019-04-01/deploymentTemplate.json#",
    "contentVersion": "1.0.0.0",
    "parameters": {
        "workspace": {
            "type": "String"
        }
    },
    "resources": [
        {
            "id": "[concat(resourceId('Microsoft.OperationalInsights/workspaces/providers', parameters('workspace'), 'Microsoft.SecurityInsights'),'/alertRules/59cf7933-1e70-4ecf-b1f1-904973c0de96')]",
            "name": "[concat(parameters('workspace'),'/Microsoft.SecurityInsights/59cf7933-1e70-4ecf-b1f1-904973c0de96')]",
            "type": "Microsoft.OperationalInsights/workspaces/providers/alertRules",
            "kind": "Scheduled",
            "properties": {
                "incidentConfiguration": {
                    "createIncident": true,
                    "groupingConfiguration": {
                        "enabled": false,
                        "reopenClosedIncident": false,
                        "lookbackDuration": "PT5H",
                        "matchingMethod": "AllEntities",
                    "groupByEntities": [],
                    "groupByAlertDetails": null,
                    "groupByCustomDetails": null
                }
            },
            "queryFrequency": "PT1H",
            "queryPeriod": "P14D",
            "triggerOperator": "GreaterThan",
            "triggerThreshold": 0,
            "eventGroupingSettings": {
                "aggregationKind": "SingleAlert"
            },
            "severity": "Medium",
            "query": "let dt_lookBack = 1h;\nlet ioc_lookBack = 14d;\nThreatIntelligenceIndicator\n| where TimeGenerated >= ago(ioc_lookBack) and ExpirationDateTime > now()\n| where Active == true\n// Picking up only IOC's that contain the entities we want\n| where isnotempty(NetworkIP) or isnotempty(EmailSourceIpAddress) or isnotempty(NetworkDestinationIP) or isnotempty(NetworkSourceIP)\n// As there is potentially more than 1 indicator type for matching IP, taking NetworkIP first, then others if that is empty.\n// Taking the first non-empty value based on potential IOC match availability\n| extend TI_ipEntity = iff(isnotempty(NetworkIP), NetworkIP, NetworkDestinationIP)\n| extend TI_ipEntity = iff(isempty(TI_ipEntity) and isnotempty(NetworkSourceIP), NetworkSourceIP, TI_ipEntity)\n| extend TI_ipEntity = iff(isempty(TI_ipEntity) and isnotempty(EmailSourceIpAddress), EmailSourceIpAddress, TI_ipEntity)\n| join (\n    OfficeActivity | where TimeGenerated >= ago(dt_lookBack)\n    // renaming time column so it is clear the log this came from\n    | extend OfficeActivity_TimeGenerated = TimeGenerated\n)\non $left.TI_ipEntity == $right.ClientIP\n| summarize LatestIndicatorTime = arg_max(TimeGenerated, *) by IndicatorId\n| project LatestIndicatorTime, Description, ActivityGroupNames, IndicatorId, ThreatType, Url, ExpirationDateTime, ConfidenceScore, OfficeActivity_TimeGenerated,\nTI_ipEntity, ClientIP, UserId, Operation, ResultStatus, RecordType, OfficeObjectId, NetworkIP, NetworkDestinationIP, NetworkSourceIP, EmailSourceIpAddress\n| extend timestamp = OfficeActivity_TimeGenerated, IPCustomEntity = ClientIP, AccountCustomEntity = UserId, URLCustomEntity = Url",
            "suppressionDuration": "PT5H",
            "suppressionEnabled": false,
            "tactics": [
                "Impact"
            ],
            "displayName": "(Preview) TI map IP entity to OfficeActivity",
            "enabled": true,
            "description": "Identifies a match in OfficeActivity from any IP IOC from TI",
            "alertRuleTemplateName": "f15370f4-c6fa-42c5-9be4-1d308f40284e"
        },
        "apiVersion": "2021-09-01-preview"
    }
]
}
