{
    "$schema": "https://schema.management.azure.com/schemas/2019-04-01/deploymentTemplate.json#",
    "contentVersion": "1.0.0.0",
    "parameters": {
        "workspace": {
            "type": "String"
        }
    },
    "resources": [
        {
            "id": "[concat(resourceId('Microsoft.OperationalInsights/workspaces/providers', parameters('workspace'), 'Microsoft.SecurityInsights'),'/alertRules/3c34a949-bd51-4f6c-815c-2013a01e8675')]",
            "name": "[concat(parameters('workspace'),'/Microsoft.SecurityInsights/3c34a949-bd51-4f6c-815c-2013a01e8675')]",
            "type": "Microsoft.OperationalInsights/workspaces/providers/alertRules",
            "kind": "Scheduled",
            "properties": {
                "incidentConfiguration": {
                    "createIncident": true,
                    "groupingConfiguration": {
                        "enabled": false,
                        "reopenClosedIncident": false,
                        "lookbackDuration": "PT5H",
                        "matchingMethod": "AllEntities",
                    "groupByEntities": [],
                    "groupByAlertDetails": null,
                    "groupByCustomDetails": null
                }
            },
            "queryFrequency": "PT1H",
            "queryPeriod": "P14D",
            "triggerOperator": "GreaterThan",
            "triggerThreshold": 0,
            "eventGroupingSettings": {
                "aggregationKind": "SingleAlert"
            },
            "severity": "Medium",
            "query": "let dt_lookBack = 1h;\nlet ioc_lookBack = 14d;\nThreatIntelligenceIndicator\n| where TimeGenerated >= ago(ioc_lookBack) and ExpirationDateTime > now()\n| where Active == true\n// Picking up only IOC's that contain the entities we want\n| where isnotempty(NetworkIP) or isnotempty(EmailSourceIpAddress) or isnotempty(NetworkDestinationIP) or isnotempty(NetworkSourceIP)\n// As there is potentially more than 1 indicator type for matching IP, taking NetworkIP first, then others if that is empty.\n// Taking the first non-empty value based on potential IOC match availability\n| extend TI_ipEntity = iff(isnotempty(NetworkIP), NetworkIP, NetworkDestinationIP)\n| extend TI_ipEntity = iff(isempty(TI_ipEntity) and isnotempty(NetworkSourceIP), NetworkSourceIP, TI_ipEntity)\n| extend TI_ipEntity = iff(isempty(TI_ipEntity) and isnotempty(EmailSourceIpAddress), EmailSourceIpAddress, TI_ipEntity)\n| join (\n    SigninLogs | where TimeGenerated >= ago(dt_lookBack)\n    | extend StatusCode = tostring(Status.errorCode), StatusDetails = tostring(Status.additionalDetails)\n    | extend Region = tostring(LocationDetails[\"countryOrRegion\"]), State = tostring(LocationDetails[\"state\"]), City = tostring(LocationDetails[\"city\"])\n    // renaming time column so it is clear the log this came from\n    | extend SigninLogs_TimeGenerated = TimeGenerated\n)\non $left.TI_ipEntity == $right.IPAddress\n| summarize LatestIndicatorTime = arg_max(TimeGenerated, *) by IndicatorId\n| project LatestIndicatorTime, Description, ActivityGroupNames, IndicatorId, ThreatType, Url, ExpirationDateTime, ConfidenceScore, SigninLogs_TimeGenerated,\nTI_ipEntity, IPAddress, UserPrincipalName, AppDisplayName, StatusCode, StatusDetails, NetworkIP, NetworkDestinationIP, NetworkSourceIP, EmailSourceIpAddress\n| extend timestamp = SigninLogs_TimeGenerated, AccountCustomEntity = UserPrincipalName, IPCustomEntity = IPAddress, URLCustomEntity = Url",
            "suppressionDuration": "PT5H",
            "suppressionEnabled": false,
            "tactics": [
                "Impact"
            ],
            "displayName": "(Preview) TI map IP entity to SigninLogs",
            "enabled": true,
            "description": "Identifies a match in SigninLogs from any IP IOC from TI",
            "alertRuleTemplateName": "f2eb15bd-8a88-4b24-9281-e133edfba315"
        },
        "apiVersion": "2021-09-01-preview"
    }
]
}
