{
    "$schema": "https://schema.management.azure.com/schemas/2019-04-01/deploymentTemplate.json#",
    "contentVersion": "1.0.0.0",
    "parameters": {
        "workspace": {
            "type": "String"
        }
    },
    "resources": [
        {
            "id": "[concat(resourceId('Microsoft.OperationalInsights/workspaces/providers', parameters('workspace'), 'Microsoft.SecurityInsights'),'/alertRules/93df2f12-1478-4aca-ace0-6a921698e0b3')]",
            "name": "[concat(parameters('workspace'),'/Microsoft.SecurityInsights/93df2f12-1478-4aca-ace0-6a921698e0b3')]",
            "type": "Microsoft.OperationalInsights/workspaces/providers/alertRules",
            "kind": "Scheduled",
            "properties": {
                "incidentConfiguration": {
                    "createIncident": true,
                    "groupingConfiguration": {
                        "enabled": false,
                        "reopenClosedIncident": false,
                        "lookbackDuration": "PT5H",
                        "matchingMethod": "AllEntities",
                    "groupByEntities": [],
                    "groupByAlertDetails": null,
                    "groupByCustomDetails": null
                }
            },
            "queryFrequency": "PT1H",
            "queryPeriod": "P14D",
            "triggerOperator": "GreaterThan",
            "triggerThreshold": 0,
            "eventGroupingSettings": {
                "aggregationKind": "SingleAlert"
            },
            "severity": "Medium",
            "query": "let dt_lookBack = 1h;\nlet ioc_lookBack = 14d;\nThreatIntelligenceIndicator\n| where TimeGenerated >= ago(ioc_lookBack) and ExpirationDateTime > now()\n| where Active == true\n// Picking up only IOC's that contain the entities we want\n| where isnotempty(Url)\n| join (\n OfficeActivity\n  | where TimeGenerated >= ago(dt_lookBack)\n  //Extract the Url from a number of potential fields\n  | extend Url = iif(OfficeWorkload == \"AzureActiveDirectory\",extract(\"(http[s]?://(?:[a-zA-Z]|[0-9]|[$-_@.&+]|[!*\\\\(\\\\),]|(?:%[0-9a-fA-F][0-9a-fA-F]))+);\", 1,ModifiedProperties),tostring(parse_json(ModifiedProperties)[12].NewValue))\n  | where isnotempty(Url)\n  // Ensure we get a clean URL\n  | extend Url = tostring(split(Url, ';')[0])\n  | extend Office_TimeGenerated = TimeGenerated\n  // Project a single user identity that we can use for entity mapping\n  | extend User = iif(isnotempty(UserId), UserId, iif(isnotempty(Actor), tostring(parse_json(Actor)[0].ID), tostring(parse_json(Parameters)[0].Vlaue))) \n) on Url\n| summarize LatestIndicatorTime = arg_max(TimeGenerated, *) by IndicatorId\n| project LatestIndicatorTime, Description, ActivityGroupNames, IndicatorId, ThreatType, ExpirationDateTime, ConfidenceScore, Operation, \nUserType, OfficeWorkload, Parameters, Office_TimeGenerated, Url, User\n| extend timestamp = Office_TimeGenerated, AccountCustomEntity = User, URLCustomEntity = Url",
            "suppressionDuration": "PT5H",
            "suppressionEnabled": false,
            "tactics": [
                "Impact"
            ],
            "displayName": "(Preview) TI map URL entity to OfficeActivity data",
            "enabled": true,
            "description": "Identifies a match in OfficeActivity data from any URL IOC from TI",
            "alertRuleTemplateName": "36a9c9e5-3dc1-4ed9-afaa-1d13617bfc2b"
        },
        "apiVersion": "2021-09-01-preview"
    }
]
}
