{
    "$schema": "https://schema.management.azure.com/schemas/2019-04-01/deploymentTemplate.json#",
    "contentVersion": "1.0.0.0",
    "parameters": {
        "workspace": {
            "type": "String"
        }
    },
    "resources": [
        {
            "id": "[concat(resourceId('Microsoft.OperationalInsights/workspaces/providers', parameters('workspace'), 'Microsoft.SecurityInsights'),'/alertRules/ad632a66-de30-40bf-86c6-4483112c0b59')]",
            "name": "[concat(parameters('workspace'),'/Microsoft.SecurityInsights/ad632a66-de30-40bf-86c6-4483112c0b59')]",
            "type": "Microsoft.OperationalInsights/workspaces/providers/alertRules",
            "kind": "Scheduled",
            "properties": {
                "incidentConfiguration": {
                    "createIncident": true,
                    "groupingConfiguration": {
                        "enabled": false,
                        "reopenClosedIncident": false,
                        "lookbackDuration": "PT5H",
                        "matchingMethod": "AllEntities",
                    "groupByEntities": [],
                    "groupByAlertDetails": null,
                    "groupByCustomDetails": null
                }
            },
            "queryFrequency": "PT1H",
            "queryPeriod": "P14D",
            "triggerOperator": "GreaterThan",
            "triggerThreshold": 0,
            "eventGroupingSettings": {
                "aggregationKind": "SingleAlert"
            },
            "severity": "Medium",
            "query": "let dt_lookBack = 1h;\nlet ioc_lookBack = 14d;\nlet emailregex = @'^[a-zA-Z0-9_.+-]+@[a-zA-Z0-9-]+\\.[a-zA-Z0-9-.]+$';\nThreatIntelligenceIndicator\n| where TimeGenerated >= ago(ioc_lookBack) and ExpirationDateTime > now()\n| where Active == true\n//Filtering the table for Email related IOCs\n| where isnotempty(EmailRecipient)\n| join (\n    OfficeActivity | where TimeGenerated >= ago(dt_lookBack) and isnotempty(UserId)\n    | where UserId matches regex emailregex\n    | extend OfficeActivity_TimeGenerated = TimeGenerated\n)\non $left.EmailRecipient == $right.UserId\n| summarize LatestIndicatorTime = arg_max(TimeGenerated, *) by IndicatorId\n| project LatestIndicatorTime, Description, ActivityGroupNames, IndicatorId, ThreatType, Url, ExpirationDateTime, ConfidenceScore, OfficeActivity_TimeGenerated,\nEmailSenderName, EmailSourceDomain, EmailSourceIpAddress, EmailSubject, FileHashValue, FileHashType, UserId, ClientIP, Operation, UserType, RecordType, OfficeWorkload, Parameters\n| extend timestamp = OfficeActivity_TimeGenerated, AccountCustomEntity = UserId, IPCustomEntity = ClientIP, URLCustomEntity = Url",
            "suppressionDuration": "PT5H",
            "suppressionEnabled": false,
            "tactics": [
                "Impact"
            ],
            "displayName": "(Preview) TI map Email entity to OfficeActivity",
            "enabled": true,
            "description": "Identifies a match in OfficeActivity table from any Email IOC from TI",
            "alertRuleTemplateName": "4a3f5ed7-8da5-4ce2-af6f-c9ada45060f2"
        },
        "apiVersion": "2021-09-01-preview"
    }
]
}
