{
    "$schema": "https://schema.management.azure.com/schemas/2019-04-01/deploymentTemplate.json#",
    "contentVersion": "1.0.0.0",
    "parameters": {
        "workspace": {
            "type": "String"
        }
    },
    "resources": [
        {
            "id": "[concat(resourceId('Microsoft.OperationalInsights/workspaces/providers', parameters('workspace'), 'Microsoft.SecurityInsights'),'/alertRules/04dc2a48-7e3d-4cbf-91dd-ca0644cbd34f')]",
            "name": "[concat(parameters('workspace'),'/Microsoft.SecurityInsights/04dc2a48-7e3d-4cbf-91dd-ca0644cbd34f')]",
            "type": "Microsoft.OperationalInsights/workspaces/providers/alertRules",
            "kind": "Scheduled",
            "properties": {
                "incidentConfiguration": {
                    "createIncident": true,
                    "groupingConfiguration": {
                        "enabled": false,
                        "reopenClosedIncident": false,
                        "lookbackDuration": "PT5H",
                        "matchingMethod": "AllEntities",
                    "groupByEntities": [],
                    "groupByAlertDetails": null,
                    "groupByCustomDetails": null
                }
            },
            "queryFrequency": "PT1H",
            "queryPeriod": "P14D",
            "triggerOperator": "GreaterThan",
            "triggerThreshold": 0,
            "eventGroupingSettings": {
                "aggregationKind": "SingleAlert"
            },
            "severity": "Medium",
            "query": "let dt_lookBack = 1h;\nlet ioc_lookBack = 14d;\nThreatIntelligenceIndicator\n| where TimeGenerated >= ago(ioc_lookBack) and ExpirationDateTime > now()\n| where Active == true\n// Picking up only IOC's that contain the entities we want\n| where isnotempty(Url)\n| join (\n  AuditLogs\n  | where TimeGenerated >= ago(dt_lookBack)\n  // Extract the URL that is contained within the JSON data\n  | extend Url = extract(\"(http[s]?://(?:[a-zA-Z]|[0-9]|[$-_@.&+]|[!*\\\\(\\\\),]|(?:%[0-9a-fA-F][0-9a-fA-F]))+);\", 1,tostring(TargetResources))\n  | where isnotempty(Url)\n  | extend userPrincipalName = tostring(parse_json(tostring(InitiatedBy.user)).userPrincipalName)\n  | extend TargetResourceDisplayName = tostring(TargetResources[0].displayName)\n  | extend Audit_TimeGenerated = TimeGenerated\n) on Url\n| summarize LatestIndicatorTime = arg_max(TimeGenerated, *) by IndicatorId\n| project LatestIndicatorTime, Description, ActivityGroupNames, IndicatorId, ThreatType, ExpirationDateTime, ConfidenceScore,\nAudit_TimeGenerated, OperationName, Identity, userPrincipalName, TargetResourceDisplayName, Url\n| extend timestamp = Audit_TimeGenerated, AccountCustomEntity = userPrincipalName, HostCustomEntity = TargetResourceDisplayName, URLCustomEntity = Url",
            "suppressionDuration": "PT5H",
            "suppressionEnabled": false,
            "tactics": [
                "Impact"
            ],
            "displayName": "(Preview) TI map URL entity to AuditLogs",
            "enabled": true,
            "description": "Identifies a match in AuditLogs from any URL IOC from TI",
            "alertRuleTemplateName": "712fab52-2a7d-401e-a08c-ff939cc7c25e"
        },
        "apiVersion": "2021-09-01-preview"
    }
]
}
