{
    "$schema": "https://schema.management.azure.com/schemas/2019-04-01/deploymentTemplate.json#",
    "contentVersion": "1.0.0.0",
    "parameters": {
        "workspace": {
            "type": "String"
        }
    },
    "resources": [
        {
            "id": "[concat(resourceId('Microsoft.OperationalInsights/workspaces/providers', parameters('workspace'), 'Microsoft.SecurityInsights'),'/alertRules/c208ef3a-3584-48ba-b020-b48e5ed2bc15')]",
            "name": "[concat(parameters('workspace'),'/Microsoft.SecurityInsights/c208ef3a-3584-48ba-b020-b48e5ed2bc15')]",
            "type": "Microsoft.OperationalInsights/workspaces/providers/alertRules",
            "kind": "Scheduled",
            "properties": {
                "incidentConfiguration": {
                    "createIncident": true,
                    "groupingConfiguration": {
                        "enabled": false,
                        "reopenClosedIncident": false,
                        "lookbackDuration": "PT5H",
                        "matchingMethod": "AllEntities",
                    "groupByEntities": [],
                    "groupByAlertDetails": null,
                    "groupByCustomDetails": null
                }
            },
            "queryFrequency": "PT1H",
            "queryPeriod": "P14D",
            "triggerOperator": "GreaterThan",
            "triggerThreshold": 0,
            "eventGroupingSettings": {
                "aggregationKind": "SingleAlert"
            },
            "severity": "Medium",
            "query": "let dt_lookBack = 1h;\nlet ioc_lookBack = 14d;\nlet emailregex = @'^[a-zA-Z0-9_.+-]+@[a-zA-Z0-9-]+\\.[a-zA-Z0-9-.]+$';\nThreatIntelligenceIndicator\n| where TimeGenerated >= ago(ioc_lookBack) and ExpirationDateTime > now()\n| where Active == true\n//Filtering the table for Email related IOCs\n| where isnotempty(EmailRecipient)\n| join (\n    SecurityAlert | where TimeGenerated >= ago(dt_lookBack)\n    // Converting Entities into dynamic data type and use mv-expand to unpack the array\n    | extend EntitiesDynamicArray = parse_json(Entities) | mv-expand EntitiesDynamicArray\n    // Parsing relevant entity column to filter type account and creating new column by combining account and UPNSuffix\n    | extend Entitytype = tostring(parse_json(EntitiesDynamicArray).Type), EntityName = tostring(parse_json(EntitiesDynamicArray).Name),\n    EntityUPNSuffix = tostring(parse_json(EntitiesDynamicArray).UPNSuffix)\n    | where Entitytype =~ \"account\"\n    | extend EntityEmail = tolower(strcat(EntityName, \"@\", EntityUPNSuffix))\n    | where EntityEmail matches regex emailregex\n    | extend SecurityAlert_TimeGenerated = TimeGenerated\n)\non $left.EmailRecipient == $right.EntityEmail\n| summarize LatestIndicatorTime = arg_max(TimeGenerated, *) by IndicatorId\n| project LatestIndicatorTime, Description, ActivityGroupNames, IndicatorId, ThreatType, Url, ExpirationDateTime, ConfidenceScore, SecurityAlert_TimeGenerated,\nEmailSenderName, EmailSourceDomain, EmailSourceIpAddress, EmailSubject, FileHashValue, FileHashType, EntityEmail, AlertName, AlertType,\nAlertSeverity, Entities, ProviderName, VendorName\n| extend timestamp = SecurityAlert_TimeGenerated, AccountCustomEntity = EntityEmail, URLCustomEntity = Url",
            "suppressionDuration": "PT5H",
            "suppressionEnabled": false,
            "tactics": [
                "Impact"
            ],
            "displayName": "(Preview) TI map Email entity to SecurityAlert",
            "enabled": true,
            "description": "Identifies a match in SecurityAlert table from any Email IOC from TI which will extend coverage to datatypes such as MCAS, StorageThreatProtection and many others",
            "alertRuleTemplateName": "a2e36ce0-da4d-4b6e-88c6-4e40161c5bfc"
        },
        "apiVersion": "2021-09-01-preview"
    }
]
}
