{
    "$schema": "https://schema.management.azure.com/schemas/2019-04-01/deploymentTemplate.json#",
    "contentVersion": "1.0.0.0",
    "parameters": {
        "workspace": {
            "type": "String"
        }
    },
    "resources": [
        {
            "id": "[concat(resourceId('Microsoft.OperationalInsights/workspaces/providers', parameters('workspace'), 'Microsoft.SecurityInsights'),'/alertRules/16caf5e0-26a6-4c35-9043-c3c0e6968067')]",
            "name": "[concat(parameters('workspace'),'/Microsoft.SecurityInsights/16caf5e0-26a6-4c35-9043-c3c0e6968067')]",
            "type": "Microsoft.OperationalInsights/workspaces/providers/alertRules",
            "kind": "Scheduled",
            "properties": {
                "incidentConfiguration": {
                    "createIncident": true,
                    "groupingConfiguration": {
                        "enabled": false,
                        "reopenClosedIncident": false,
                        "lookbackDuration": "PT5H",
                        "matchingMethod": "AllEntities",
                    "groupByEntities": [],
                    "groupByAlertDetails": null,
                    "groupByCustomDetails": null
                }
            },
            "queryFrequency": "PT1H",
            "queryPeriod": "P14D",
            "triggerOperator": "GreaterThan",
            "triggerThreshold": 0,
            "eventGroupingSettings": {
                "aggregationKind": "SingleAlert"
            },
            "severity": "Medium",
            "query": "let dt_lookBack = 1h;\nlet ioc_lookBack = 14d;\n//Create a list of TLDs in our threat feed for later validation\nlet list_tlds = ThreatIntelligenceIndicator\n| where TimeGenerated > ago(ioc_lookBack)\n| where isnotempty(DomainName)\n| extend parts = split(DomainName, '.')\n| extend tld = parts[(array_length(parts)-1)]\n| summarize count() by tostring(tld)\n| summarize make_list(tld);\nThreatIntelligenceIndicator\n| where TimeGenerated >= ago(ioc_lookBack) and ExpirationDateTime > now()\n| where Active == true\n// Picking up only IOC's that contain the entities we want\n| where isnotempty(DomainName)\n| join (\n    Syslog\n    | where TimeGenerated > ago(dt_lookBack)\n    //Extract domain patterns from syslog message\n    | extend domain = extract(\"(([a-z0-9]+(-[a-z0-9]+)*\\\\.)+[a-z]{2,})\",1, tolower(SyslogMessage))\n    | where isnotempty(domain)\n    | extend parts = split(domain, '.')\n    //Split out the TLD\n    | extend tld = parts[(array_length(parts)-1)]\n    //Validate parsed domain by checking if the TLD is in the list of TLDs in our threat feed\n    | where tld in~ (list_tlds)\n    | extend Syslog_TimeGenerated = TimeGenerated\n) on $left.DomainName==$right.domain\n| summarize LatestIndicatorTime = arg_max(TimeGenerated, *) by IndicatorId\n| project LatestIndicatorTime, Description, ActivityGroupNames, IndicatorId, ThreatType, ExpirationDateTime, ConfidenceScore, Syslog_TimeGenerated, SyslogMessage, Computer, ProcessName, domain, HostIP, Url\n| extend timestamp = Syslog_TimeGenerated, HostCustomEntity = Computer, IPCustomEntity = HostIP, URLCustomEntity = Url",
            "suppressionDuration": "PT5H",
            "suppressionEnabled": false,
            "tactics": [
                "Impact"
            ],
            "displayName": "(Preview) TI map Domain entity to Syslog",
            "enabled": true,
            "description": "Identifies a match in Syslog table from any Domain IOC from TI",
            "alertRuleTemplateName": "532f62c1-fba6-4baa-bbb6-4a32a4ef32fa"
        },
        "apiVersion": "2021-09-01-preview"
    }
]
}
