{
    "$schema": "https://schema.management.azure.com/schemas/2019-04-01/deploymentTemplate.json#",
    "contentVersion": "1.0.0.0",
    "parameters": {
        "workspace": {
            "type": "String"
        }
    },
    "resources": [
        {
            "id": "[concat(resourceId('Microsoft.OperationalInsights/workspaces/providers', parameters('workspace'), 'Microsoft.SecurityInsights'),'/alertRules/22e8bdc8-07a0-4ab2-80d8-e72c17fafa27')]",
            "name": "[concat(parameters('workspace'),'/Microsoft.SecurityInsights/22e8bdc8-07a0-4ab2-80d8-e72c17fafa27')]",
            "type": "Microsoft.OperationalInsights/workspaces/providers/alertRules",
            "kind": "Scheduled",
            "properties": {
                "incidentConfiguration": {
                    "createIncident": true,
                    "groupingConfiguration": {
                        "enabled": false,
                        "reopenClosedIncident": false,
                        "lookbackDuration": "PT5H",
                        "matchingMethod": "AllEntities",
                    "groupByEntities": [],
                    "groupByAlertDetails": null,
                    "groupByCustomDetails": null
                }
            },
            "queryFrequency": "PT1H",
            "queryPeriod": "P14D",
            "triggerOperator": "GreaterThan",
            "triggerThreshold": 0,
            "eventGroupingSettings": {
                "aggregationKind": "SingleAlert"
            },
            "severity": "Medium",
            "query": "let dt_lookBack = 1h;\nlet ioc_lookBack = 14d;\nThreatIntelligenceIndicator\n| where TimeGenerated >= ago(ioc_lookBack) and ExpirationDateTime > now()\n| where Active == true\n| where isnotempty(FileHashValue)\n|  join (\n  SecurityEvent | where TimeGenerated >= ago(dt_lookBack)\n      | where EventID in (\"8003\",\"8002\",\"8005\")\n      | where isnotempty(FileHash)\n      | extend SecurityEvent_TimeGenerated = TimeGenerated, Event = EventID\n)\non $left.FileHashValue == $right.FileHash\n| summarize LatestIndicatorTime = arg_max(TimeGenerated, *) by IndicatorId\n| project LatestIndicatorTime, Description, ActivityGroupNames, IndicatorId, ThreatType, Url, ExpirationDateTime, ConfidenceScore,\nSecurityEvent_TimeGenerated, Process, FileHash, Computer, Account, Event\n| extend timestamp = SecurityEvent_TimeGenerated, AccountCustomEntity = Account, HostCustomEntity = Computer, URLCustomEntity = Url",
            "suppressionDuration": "PT5H",
            "suppressionEnabled": false,
            "tactics": [
                "Impact"
            ],
            "displayName": "(Preview) TI map File Hash to Security Event",
            "enabled": true,
            "description": "Identifies a match in Security Event data from any File Hash IOC from TI",
            "alertRuleTemplateName": "a7427ed7-04b4-4e3b-b323-08b981b9b4bf"
        },
        "apiVersion": "2021-09-01-preview"
    }
]
}
