{
    "$schema": "https://schema.management.azure.com/schemas/2019-04-01/deploymentTemplate.json#",
    "contentVersion": "1.0.0.0",
    "parameters": {
        "workspace": {
            "type": "String"
        }
    },
    "resources": [
        {
            "id": "[concat(resourceId('Microsoft.OperationalInsights/workspaces/providers', parameters('workspace'), 'Microsoft.SecurityInsights'),'/alertRules/edd48490-7075-44b7-b286-4cdffbb080f8')]",
            "name": "[concat(parameters('workspace'),'/Microsoft.SecurityInsights/edd48490-7075-44b7-b286-4cdffbb080f8')]",
            "type": "Microsoft.OperationalInsights/workspaces/providers/alertRules",
            "kind": "Scheduled",
            "properties": {
                "incidentConfiguration": {
                    "createIncident": true,
                    "groupingConfiguration": {
                        "enabled": false,
                        "reopenClosedIncident": false,
                        "lookbackDuration": "PT5H",
                        "matchingMethod": "AllEntities",
                    "groupByEntities": [],
                "groupByAlertDetails": [],
            "groupByCustomDetails": []
        }
    },
    "queryFrequency": "PT5M",
    "queryPeriod": "PT5M",
    "triggerOperator": "GreaterThan",
    "triggerThreshold": 0,
    "eventGroupingSettings": {
        "aggregationKind": "SingleAlert"
    },
    "severity": "Medium",
    "query": "SecurityEvent \r\n| where EventID == \"4740\"\r\n| extend AccountCustomEntity = Account\r\n| extend HostCustomEntity = Computer",
    "suppressionDuration": "PT5H",
    "suppressionEnabled": false,
"tactics": [],
"displayName": "Account lockout",
"enabled": true,
"description": "A local or domain account has been locked out",
"alertRuleTemplateName": null
},
"apiVersion": "2021-09-01-preview"
}
]
}
