{
    "$schema": "https://schema.management.azure.com/schemas/2019-04-01/deploymentTemplate.json#",
    "contentVersion": "1.0.0.0",
    "parameters": {
        "workspace": {
            "type": "String"
        }
    },
    "resources": [
        {
            "id": "[concat(resourceId('Microsoft.OperationalInsights/workspaces/providers', parameters('workspace'), 'Microsoft.SecurityInsights'),'/alertRules/d741c6f2-5806-4172-a761-385158591028')]",
            "name": "[concat(parameters('workspace'),'/Microsoft.SecurityInsights/d741c6f2-5806-4172-a761-385158591028')]",
            "type": "Microsoft.OperationalInsights/workspaces/providers/alertRules",
            "kind": "Scheduled",
            "properties": {
                "incidentConfiguration": {
                    "createIncident": true,
                    "groupingConfiguration": {
                        "enabled": false,
                        "reopenClosedIncident": false,
                        "lookbackDuration": "PT5H",
                        "matchingMethod": "AllEntities",
                    "groupByEntities": [],
                    "groupByAlertDetails": null,
                    "groupByCustomDetails": null
                }
            },
            "queryFrequency": "P1D",
            "queryPeriod": "P1D",
            "triggerOperator": "GreaterThan",
            "triggerThreshold": 0,
            "eventGroupingSettings": {
                "aggregationKind": "SingleAlert"
            },
            "severity": "Low",
            "query": "let timeframe = 1d;\nlet WellKnownLocalSID = \"S-1-5-32-5[0-9][0-9]$\";\nlet WellKnownGroupSID = \"S-1-5-21-[0-9]*-[0-9]*-[0-9]*-5[0-9][0-9]$|S-1-5-21-[0-9]*-[0-9]*-[0-9]*-1102$|S-1-5-21-[0-9]*-[0-9]*-[0-9]*-1103$|S-1-5-21-[0-9]*-[0-9]*-[0-9]*-498$|S-1-5-21-[0-9]*-[0-9]*-[0-9]*-1000$\";\nlet AC_Add = \nSecurityEvent\n| where TimeGenerated >= ago(timeframe)\n// Event ID related to member addition.\n| where EventID in (4728, 4732,4756) \n| where TargetSid matches regex WellKnownLocalSID or TargetSid matches regex WellKnownGroupSID  \n| parse EventData with * '\"MemberName\">' AccountAdded \",OU\" * \n| where isnotempty(AccountAdded)\n| extend GroupAddedTo = TargetUserName, AddingAccount = Account \n| extend  AccountAdded_GroupAddedTo_AddingAccount = strcat(AccountAdded, \"||\", GroupAddedTo, \"||\", AddingAccount )\n| project AccountAdded_GroupAddedTo_AddingAccount, AccountAddedTime = TimeGenerated;\nlet AC_Remove = \nSecurityEvent\n| where TimeGenerated >= ago(timeframe)\n// Event IDs related to member removal.\n| where EventID in (4729,4733,4757)\n| where TargetSid matches regex WellKnownLocalSID or TargetSid matches regex WellKnownGroupSID \n| parse EventData with * '\"MemberName\">' AccountRemoved \",OU\" * \n| where isnotempty(AccountRemoved)\n| extend GroupRemovedFrom = TargetUserName, RemovingAccount = Account\n| extend AccountRemoved_GroupRemovedFrom_RemovingAccount = strcat(AccountRemoved, \"||\", GroupRemovedFrom, \"||\", RemovingAccount)\n| project AccountRemoved_GroupRemovedFrom_RemovingAccount, AccountRemovedTime = TimeGenerated, Computer, RemovedAccountId = tolower(AccountRemoved), \nRemovedByUser = SubjectUserName, RemovedByUserLogonId = SubjectLogonId,  GroupRemovedFrom = TargetUserName, TargetDomainName; \nAC_Add \n| join kind= inner AC_Remove on $left.AccountAdded_GroupAddedTo_AddingAccount == $right.AccountRemoved_GroupRemovedFrom_RemovingAccount \n| extend DurationinSecondAfter_Removed = datetime_diff ('second', AccountRemovedTime, AccountAddedTime)\n| where DurationinSecondAfter_Removed > 0\n| project-away AccountRemoved_GroupRemovedFrom_RemovingAccount\n| extend timestamp = AccountAddedTime, AccountCustomEntity = RemovedAccountId, HostCustomEntity = Computer",
            "suppressionDuration": "PT5H",
            "suppressionEnabled": false,
            "tactics": [
                "Persistence",
                "PrivilegeEscalation"
            ],
            "displayName": "Account added and removed from privileged groups",
            "enabled": true,
            "description": "Identifies accounts that are added to privileged group and then quickly removed, which could be a sign of compromise.' ",
            "alertRuleTemplateName": "7efc75ce-e2a4-400f-a8b1-283d3b0f2c60"
        },
        "apiVersion": "2021-09-01-preview"
    }
]
}
