{
    "$schema": "https://schema.management.azure.com/schemas/2019-04-01/deploymentTemplate.json#",
    "contentVersion": "1.0.0.0",
    "parameters": {
        "workspace": {
            "type": "String"
        }
    },
    "resources": [
        {
            "id": "[concat(resourceId('Microsoft.OperationalInsights/workspaces/providers', parameters('workspace'), 'Microsoft.SecurityInsights'),'/alertRules/25594c6c-049a-4021-aaa4-c30214fe0e23')]",
            "name": "[concat(parameters('workspace'),'/Microsoft.SecurityInsights/25594c6c-049a-4021-aaa4-c30214fe0e23')]",
            "type": "Microsoft.OperationalInsights/workspaces/providers/alertRules",
            "kind": "Scheduled",
            "properties": {
                "incidentConfiguration": {
                    "createIncident": true,
                    "groupingConfiguration": {
                        "enabled": false,
                        "reopenClosedIncident": false,
                        "lookbackDuration": "PT5H",
                        "matchingMethod": "AllEntities",
                    "groupByEntities": [],
                    "groupByAlertDetails": null,
                    "groupByCustomDetails": null
                }
            },
            "queryFrequency": "P1D",
            "queryPeriod": "P1D",
            "triggerOperator": "GreaterThan",
            "triggerThreshold": 0,
            "eventGroupingSettings": {
                "aggregationKind": "SingleAlert"
            },
            "severity": "Low",
            "query": "let timeframe = 1d;\nSecurityEvent\n| where TimeGenerated >= ago(timeframe) \n| where EventID == 4738\n// 2089 value indicates the Don't Expire Password value has been set\n| where UserAccountControl has \"%%2089\" \n| extend Value_2089 = iff(UserAccountControl has \"%%2089\",\"'Don't Expire Password' - Disabled\", \"Not Changed\")\n// 2050 indicates that the Password Not Required value is NOT set, this often shows up at the same time as a 2089 and is the recommended value.  This value may not be in the event. \n| extend Value_2050 = iff(UserAccountControl has \"%%2050\",\"'Password Not Required' - Disabled\", \"Not Changed\")\n// If value %%2082 is present in the 4738 event, this indicates the account has been configured to logon WITHOUT a password. Generally you should only see this value when an account is created and only in Event 4720: Account Creation Event.  \n| extend Value_2082 = iff(UserAccountControl has \"%%2082\",\"'Password Not Required' - Enabled\", \"Not Changed\")\n| project StartTimeUtc = TimeGenerated, EventID, Computer, TargetUserName, TargetDomainName, AccountType, UserAccountControl, Value_2089, Value_2050, Value_2082\n| extend timestamp = StartTimeUtc, AccountCustomEntity = TargetUserName, HostCustomEntity = Computer",
            "suppressionDuration": "PT5H",
            "suppressionEnabled": false,
            "tactics": [
                "Persistence"
            ],
            "displayName": "AD account with don't expire password - disabled",
            "enabled": true,
            "description": "Identifies whenever a user account has the setting \"Password Never Expires\" in the user account properties selected.\nThis is indicated in Security event 4738 in the EventData item labeled UserAccountControl with an included value of %%2089 \n%%2089 resolves to \"Don't Expire Password - Disabled\".",
            "alertRuleTemplateName": "6c360107-f3ee-4b91-9f43-f4cfd90441cf"
        },
        "apiVersion": "2021-09-01-preview"
    }
]
}
