{
    "$schema": "https://schema.management.azure.com/schemas/2019-04-01/deploymentTemplate.json#",
    "contentVersion": "1.0.0.0",
    "parameters": {
        "workspace": {
            "type": "String"
        }
    },
    "resources": [
        {
            "id": "[concat(resourceId('Microsoft.OperationalInsights/workspaces/providers', parameters('workspace'), 'Microsoft.SecurityInsights'),'/alertRules/bae5563f-7639-46c7-986f-bfe6afe99d9a')]",
            "name": "[concat(parameters('workspace'),'/Microsoft.SecurityInsights/bae5563f-7639-46c7-986f-bfe6afe99d9a')]",
            "type": "Microsoft.OperationalInsights/workspaces/providers/alertRules",
            "kind": "Scheduled",
            "properties": {
                "incidentConfiguration": {
                    "createIncident": true,
                    "groupingConfiguration": {
                        "enabled": false,
                        "reopenClosedIncident": false,
                        "lookbackDuration": "PT5H",
                        "matchingMethod": "AllEntities",
                    "groupByEntities": [],
                "groupByAlertDetails": [],
            "groupByCustomDetails": []
        }
    },
    "queryFrequency": "P1D",
    "queryPeriod": "P1D",
    "triggerOperator": "GreaterThan",
    "triggerThreshold": 0,
    "eventGroupingSettings": {
        "aggregationKind": "SingleAlert"
    },
    "severity": "Medium",
    "query": "(union isfuzzy=true (SecurityEvent \n| where EventID == 4662 \n| where Account !has \"aad_\"\n| where InitiatingProcessCommandLine !contains \".xlsm\"\n| where ObjectServer == 'DS'\n| where OperationType == 'Object Access'\n| where InitiatingProcessCommandLine <> ```\"OUTLOOK.EXE\" ```\n//| where ObjectName contains '<GUID of ADFS DKM Container>' This is unique to the domain.\n| where ObjectType contains '5cb41ed0-0e4c-11d0-a286-00aa003049e2' // Contact Class\n| where Properties contains '8d3bca50-1d7e-11d0-a081-00aa006c33ed' // Picture Attribute - Ldap-Display-Name: thumbnailPhoto\n| extend timestamp = TimeGenerated, HostCustomEntity = Computer, AccountCustomEntity = SubjectAccount),\n(DeviceEvents\n| where ActionType =~ \"LdapSearch\"\n| where InitiatingProcessCommandLine <> \"\\\"miiserver.exe\\\"\"\n| where AdditionalFields.AttributeList contains \"thumbnailPhoto\"\n| extend timestamp = TimeGenerated, HostCustomEntity = DeviceName, AccountCustomEntity = InitiatingProcessAccountName)\n)\n| where InitiatingProcessCommandLine <> \"\\\"EXCEL.EXE\\\" \\\"C:\\\\Sage100Con\\\\Company\\\\PSG Reports\\\\1. 539 Reports (Double Deck)\\\\Progress Report_v32.xlsm\\\"\"\n| where InitiatingProcessFileName <> \"excel.exe\"\n| where InitiatingProcessCommandLine <> \"\\\"OUTLOOK.EXE\\\" \"",
    "suppressionDuration": "PT5H",
    "suppressionEnabled": false,
    "tactics": [
        "Collection"
    ],
    "displayName": "ADFS DKM Master Key Export",
    "enabled": true,
    "description": "Identifies an export of the ADFS DKM Master Key from Active Directory.\n References: https://blogs.microsoft.com/on-the-issues/2020/12/13/customers-protect-nation-state-cyberattacks/, \n https://www.fireeye.com/blog/threat-research/2020/12/evasive-attacker-leverages-solarwinds-supply-chain-compromises-with-sunburst-backdoor.html?1",
    "alertRuleTemplateName": "18e6a87e-9d06-4a4e-8b59-3469cd49552d"
},
"apiVersion": "2021-09-01-preview"
}
]
}
