{
    "$schema": "https://schema.management.azure.com/schemas/2019-04-01/deploymentTemplate.json#",
    "contentVersion": "1.0.0.0",
    "parameters": {
        "workspace": {
            "type": "String"
        }
    },
    "resources": [
        {
            "id": "[concat(resourceId('Microsoft.OperationalInsights/workspaces/providers', parameters('workspace'), 'Microsoft.SecurityInsights'),'/alertRules/5336ffe2-360e-4a3d-9462-4b16028b28a0')]",
            "name": "[concat(parameters('workspace'),'/Microsoft.SecurityInsights/5336ffe2-360e-4a3d-9462-4b16028b28a0')]",
            "type": "Microsoft.OperationalInsights/workspaces/providers/alertRules",
            "kind": "Scheduled",
            "properties": {
                "incidentConfiguration": {
                    "createIncident": true,
                    "groupingConfiguration": {
                        "enabled": false,
                        "reopenClosedIncident": false,
                        "lookbackDuration": "PT5H",
                        "matchingMethod": "AllEntities",
                    "groupByEntities": [],
                    "groupByAlertDetails": null,
                    "groupByCustomDetails": null
                }
            },
            "queryFrequency": "P1D",
            "queryPeriod": "P2D",
            "triggerOperator": "GreaterThan",
            "triggerThreshold": 0,
            "eventGroupingSettings": {
                "aggregationKind": "SingleAlert"
            },
            "severity": "Low",
            "query": "let starttime = 2d;\nlet endtime = 1d;\nSecurityEvent\n// include yesterday and not today, so we can confirm a match occurs within the next day\n| where TimeGenerated >= startofday(ago(starttime)) and TimeGenerated <= startofday(ago(endtime))  \n// 4722: User Account Enabled\n| where EventID == 4722 \n// Removing Machine Accounts\n| where TargetUserName !endswith \"$\" \n| join kind= leftanti (\n  SecurityEvent\n  //verify over the last 2 days\n  | where TimeGenerated >= startofday(ago(starttime))\n  // Attempt made to change password\n  | where EventID == 4723\n  // Removing Machine Accounts\n  | where TargetUserName !endswith \"$\"\n) on TargetUserName, TargetDomainName\n| project StartTimeUtc = TimeGenerated, EventID, Computer, TargetUserName, TargetDomainName, SubjectUserName\n| extend timestamp = StartTimeUtc, AccountCustomEntity = TargetUserName, HostCustomEntity = Computer",
            "suppressionDuration": "PT5H",
            "suppressionEnabled": false,
            "tactics": [
                "Persistence"
            ],
            "displayName": "AD user created password not set within 24-48 hours",
            "enabled": true,
            "description": "Identifies whenever a new account is created with a default password and password is not changed within 24-48 hours.\nSimple version, can be more precise with Windowing, but not necessary if run as an alert on a daily basis.\nEffectively, there is an event 4722 indicating a user enabled and no event 4723 indicating a password was changed within in that day or the next day.",
            "alertRuleTemplateName": "62085097-d113-459f-9ea7-30216f2ee6af"
        },
        "apiVersion": "2021-09-01-preview"
    }
]
}
