{
    "$schema": "https://schema.management.azure.com/schemas/2019-04-01/deploymentTemplate.json#",
    "contentVersion": "1.0.0.0",
    "parameters": {
        "workspace": {
            "type": "String"
        }
    },
    "resources": [
        {
            "id": "[concat(resourceId('Microsoft.OperationalInsights/workspaces/providers', parameters('workspace'), 'Microsoft.SecurityInsights'),'/alertRules/28bad2af-b107-4a00-8849-969f14fbd849')]",
            "name": "[concat(parameters('workspace'),'/Microsoft.SecurityInsights/28bad2af-b107-4a00-8849-969f14fbd849')]",
            "type": "Microsoft.OperationalInsights/workspaces/providers/alertRules",
            "kind": "Scheduled",
            "properties": {
                "incidentConfiguration": {
                    "createIncident": true,
                    "groupingConfiguration": {
                        "enabled": false,
                        "reopenClosedIncident": false,
                        "lookbackDuration": "PT5H",
                        "matchingMethod": "AllEntities",
                    "groupByEntities": [],
                    "groupByAlertDetails": null,
                    "groupByCustomDetails": null
                }
            },
            "queryFrequency": "P1D",
            "queryPeriod": "P14D",
            "triggerOperator": "GreaterThan",
            "triggerThreshold": 0,
            "eventGroupingSettings": {
                "aggregationKind": "SingleAlert"
            },
            "severity": "Medium",
            "query": "let lookBack_long = 14d;\nlet lookBack_med = 7d;\nlet lookBack = 1d;\nSigninLogs\n| where TimeGenerated >= startofday(ago(lookBack_long))\n| extend locationString = strcat(tostring(LocationDetails[\"countryOrRegion\"]), \"/\", tostring(LocationDetails[\"state\"]), \"/\", tostring(LocationDetails[\"city\"]), \";\") \n| project TimeGenerated, AppDisplayName , UserPrincipalName, locationString \n// Create time series \n| make-series dLocationCount = dcount(locationString) on TimeGenerated in range(startofday(ago(lookBack_long)),now(), 1d) \nby UserPrincipalName, AppDisplayName \n// Compute best fit line for each entry \n| extend (RSquare,Slope,Variance,RVariance,Interception,LineFit)=series_fit_line(dLocationCount) \n// Chart the 3 most interesting lines  \n// A 0-value slope corresponds to an account being completely stable over time for a given Azure Active Directory application\n| where Slope > 0.3\n| top 50 by Slope desc\n| join kind = leftsemi (\nSigninLogs\n| where TimeGenerated >= startofday(ago(lookBack_med))\n| extend locationString = strcat(tostring(LocationDetails[\"countryOrRegion\"]), \"/\", tostring(LocationDetails[\"state\"]), \"/\", tostring(LocationDetails[\"city\"]), \";\") \n| project TimeGenerated, AppDisplayName , UserPrincipalName, locationString \n| make-series dLocationCount = dcount(locationString) on TimeGenerated in range(startofday(ago(lookBack_med)) ,now(), 1d) \nby UserPrincipalName, AppDisplayName \n| extend (RSquare,Slope,Variance,RVariance,Interception,LineFit)=series_fit_line(dLocationCount) \n| top 50 by Slope desc\n| where Slope > 0.3\n) on UserPrincipalName, AppDisplayName\n| join kind = leftsemi (\nSigninLogs\n| where TimeGenerated >= startofday(ago(lookBack))\n| extend locationString = strcat(tostring(LocationDetails[\"countryOrRegion\"]), \"/\", tostring(LocationDetails[\"state\"]), \"/\", tostring(LocationDetails[\"city\"]), \";\") \n| project TimeGenerated, AppDisplayName , UserPrincipalName, locationString \n| make-series dLocationCount = dcount(locationString) on TimeGenerated in range(startofday(ago(lookBack)) ,now(), 1d) \nby UserPrincipalName, AppDisplayName \n| extend (RSquare,Slope,Variance,RVariance,Interception,LineFit)=series_fit_line(dLocationCount) \n| top 50 by Slope desc\n// Higher threshold requirement on last day anomaly\n| where Slope > 5\n) on UserPrincipalName, AppDisplayName\n| extend timestamp = TimeGenerated, AccountCustomEntity = UserPrincipalName",
            "suppressionDuration": "PT5H",
            "suppressionEnabled": false,
            "tactics": [
                "InitialAccess"
            ],
            "displayName": "Anomalous sign-in location by user account and authenticating application",
            "enabled": true,
            "description": "This query over Azure Active Directory sign-in considers all user sign-ins for each Azure Active \nDirectory application and picks out the most anomalous change in location profile for a user within an \nindividual application. An alert is generated for recent sign-ins that have location counts that are anomalous\nover last day but also over the last 7-day and 14-day periods.",
            "alertRuleTemplateName": "7cb8f77d-c52f-4e46-b82f-3cf2e106224a"
        },
        "apiVersion": "2021-09-01-preview"
    }
]
}
