{
    "$schema": "https://schema.management.azure.com/schemas/2019-04-01/deploymentTemplate.json#",
    "contentVersion": "1.0.0.0",
    "parameters": {
        "workspace": {
            "type": "String"
        }
    },
    "resources": [
        {
            "id": "[concat(resourceId('Microsoft.OperationalInsights/workspaces/providers', parameters('workspace'), 'Microsoft.SecurityInsights'),'/alertRules/618e173b-e2ed-4a6e-a4f2-116fae58abf0')]",
            "name": "[concat(parameters('workspace'),'/Microsoft.SecurityInsights/618e173b-e2ed-4a6e-a4f2-116fae58abf0')]",
            "type": "Microsoft.OperationalInsights/workspaces/providers/alertRules",
            "kind": "Scheduled",
            "properties": {
                "incidentConfiguration": {
                    "createIncident": true,
                    "groupingConfiguration": {
                        "enabled": false,
                        "reopenClosedIncident": false,
                        "lookbackDuration": "PT5H",
                        "matchingMethod": "AllEntities",
                    "groupByEntities": [],
                "groupByAlertDetails": [],
            "groupByCustomDetails": []
        }
    },
    "entityMappings": [
        {
            "entityType": "Account",
            "fieldMappings": [
                {
                    "identifier": "FullName",
                    "columnName": "AccountCustomEntity"
                }
            ]
        },
        {
            "entityType": "IP",
            "fieldMappings": [
                {
                    "identifier": "Address",
                    "columnName": "IPCustomEntity"
                }
            ]
        }
    ],
    "queryFrequency": "PT5M",
    "queryPeriod": "PT5M",
    "triggerOperator": "GreaterThan",
    "triggerThreshold": 0,
    "eventGroupingSettings": {
        "aggregationKind": "SingleAlert"
    },
    "severity": "Medium",
    "query": "//The bigger the window the better the data sample size, as we use IP prevalence, more sample data is better.\n//The minimum number of countries that the account has been accessed from [default: 2]\nlet minimumCountries = 2;\n//The delta (%) between the largest in-use IP and the smallest [default: 90]\nlet deltaThreshold = 95;\n//The maximum (%) threshold that the country appears in login data [default: 10]\nlet countryPrevalenceThreshold = 10;\n//The time to project forward after the last login activity [default: 60min]\nlet projectedEndTime = 60min; \n//Get Teams successful signins globally\nlet aadFunc = (tableName:string){\nlet signinData =\n  table(tableName)\n  | where AppDisplayName has \"Teams\"\n  | where ConditionalAccessStatus =~ \"success\"\n  | extend country = tostring(todynamic(LocationDetails)['countryOrRegion'])\n  | where isnotempty(country) and isnotempty(IPAddress);\n// Collect successful signins to teams\nlet loginEvents = \n  signinData\n  | summarize count(), country=any(country), make_list(TimeGenerated) by IPAddress, UserPrincipalName;\n//Calcualte delta between logins\nlet loginDelta =\n  loginEvents\n  | summarize max(count_), min(count_) by UserPrincipalName\n  | extend delta = toreal(max_count_ - min_count_) / max_count_ * 100\n  | where delta >= deltaThreshold;\n//Count number of countries used to sign in\nlet countryCount =\n  loginEvents\n  | summarize Countries = dcount(country) by UserPrincipalName;\n//Join delta and sign in counts to successful logins\nloginDelta\n| join kind=rightouter  (\n  loginEvents\n) on UserPrincipalName\n| join kind=rightouter (\n  countryCount\n) on UserPrincipalName\n//Check where the record meets the minimum required countries\n| where Countries >= minimumCountries\n| join kind=leftouter (\n      signinData\n      | summarize count() by country\n      | join (\n          //Now get the total number of logins from any country and join it to the previous count in a single table\n          signinData\n          | summarize count() by country\n          | summarize sum(count_), make_list(country)\n          | mv-expand list_country\n          | extend country = tostring(list_country)\n      ) on country\n      | summarize by country, count_, sum_count_\n      //Now calculate each countries prevalence within login events\n      | extend prevalence = toreal(count_) / toreal(sum_count_) * 100\n      | project-away sum_count_\n      | order by prevalence\n) on country\n//The % that suspicious country is prevalent in data, this can be configured, less than 10% is uncommon\n| where prevalence < countryPrevalenceThreshold\n| where min_count_ == count_\n//Login start and end times from the JSON object, this is the activity window the suspicious IP was active within\n| extend EventTimes = list_TimeGenerated\n| extend SuspiciousIP = IPAddress\n| project UserPrincipalName, SuspiciousIP, UserIPDelta = delta, SuspiciousLoginCountry = country, SuspiciousCountryPrevalence = prevalence, EventTimes\n//Teams join to collect operations the user account has performed within the given time range\n| join kind=inner( \n  OfficeActivity\n  | where Operation in~ (\"TeamsAdminAction\", \"MemberAdded\", \"MemberRemoved\", \"MemberRoleChanged\", \"AppInstalled\", \"BotAddedToTeam\")\n  | project Operation, UserId=tolower(UserId), OperationTime=TimeGenerated\n) on $left.UserPrincipalName == $right.UserId\n| mv-expand StartTime = EventTimes\n| extend StartTime = make_datetime(StartTime)\n//The end time is projected 60 minutes forward, in case actions took place within the last hour of the final login for the suspicious IP\n| extend ProjectedEndTime = make_datetime(StartTime + projectedEndTime)\n//Limit to operations carried out by the user account in the timeframe the IP was active\n| where OperationTime between (StartTime .. ProjectedEndTime)\n| project UserPrincipalName, SuspiciousIP, StartTime, ProjectedEndTime, OperationTime, Operation, SuspiciousLoginCountry, SuspiciousCountryPrevalence\n//Filter on suspicious actions\n| extend activitySummary = pack(tostring(StartTime), pack(\"Operation\",tostring(Operation), \"OperationTime\", OperationTime))\n| summarize make_bag(activitySummary) by UserPrincipalName, SuspiciousIP, SuspiciousLoginCountry, SuspiciousCountryPrevalence\n| extend IPCustomEntity = SuspiciousIP, AccountCustomEntity = UserPrincipalName\n};\nlet aadSignin = aadFunc(\"SigninLogs\");\nlet aadNonInt = aadFunc(\"AADNonInteractiveUserSignInLogs\");\nunion isfuzzy=true aadSignin, aadNonInt",
    "suppressionDuration": "PT5H",
    "suppressionEnabled": false,
    "tactics": [
        "InitialAccess",
        "Persistence"
    ],
    "displayName": "Anomalous login followed by Teams action",
    "enabled": true,
    "description": "Detects anomalous IP address usage by user accounts and then checks to see if a suspicious Teams action is performed.\nQuery calculates IP usage Delta for each user account and selects accounts where a delta >= 90% is observed between the most and least used IP.\nTo further reduce results the query performs a prevalence check on the lowest used IP's country, only keeping IP's where the country is unusual for the tenant (dynamic ranges)\nFinally the user accounts activity within Teams logs is checked for suspicious commands (modifying user privileges or admin actions) during the period the suspicious IP was active.",
    "alertRuleTemplateName": "2b701288-b428-4fb8-805e-e4372c574786"
},
"apiVersion": "2021-09-01-preview"
}
]
}
