{
    "$schema": "https://schema.management.azure.com/schemas/2019-04-01/deploymentTemplate.json#",
    "contentVersion": "1.0.0.0",
    "parameters": {
        "workspace": {
            "type": "String"
        }
    },
    "resources": [
        {
            "id": "[concat(resourceId('Microsoft.OperationalInsights/workspaces/providers', parameters('workspace'), 'Microsoft.SecurityInsights'),'/alertRules/adfa03de-3d3c-4325-b3cf-a6a9a4c69feb')]",
            "name": "[concat(parameters('workspace'),'/Microsoft.SecurityInsights/adfa03de-3d3c-4325-b3cf-a6a9a4c69feb')]",
            "type": "Microsoft.OperationalInsights/workspaces/providers/alertRules",
            "kind": "Scheduled",
            "properties": {
                "incidentConfiguration": {
                    "createIncident": true,
                    "groupingConfiguration": {
                        "enabled": false,
                        "reopenClosedIncident": false,
                        "lookbackDuration": "PT5H",
                        "matchingMethod": "AllEntities",
                    "groupByEntities": [],
                    "groupByAlertDetails": null,
                    "groupByCustomDetails": null
                }
            },
            "queryFrequency": "P1D",
            "queryPeriod": "P1D",
            "triggerOperator": "GreaterThan",
            "triggerThreshold": 0,
            "eventGroupingSettings": {
                "aggregationKind": "SingleAlert"
            },
            "severity": "Medium",
            "query": "let timeframe = 1d;\nlet threshold = 3;\nSigninLogs\n| where TimeGenerated >= ago(timeframe)\n| where ResultType == \"50057\"\n| where ResultDescription =~ \"User account is disabled. The account has been disabled by an administrator.\"\n| summarize StartTimeUtc = min(TimeGenerated), EndTimeUtc = max(TimeGenerated), count(), applicationCount = dcount(AppDisplayName), \napplicationSet = makeset(AppDisplayName) by UserPrincipalName, IPAddress\n| where applicationCount >= threshold\n| extend timestamp = StartTimeUtc, AccountCustomEntity = UserPrincipalName, IPCustomEntity = IPAddress",
            "suppressionDuration": "PT5H",
            "suppressionEnabled": false,
            "tactics": [
                "InitialAccess"
            ],
            "displayName": "Attempts to sign in to disabled accounts",
            "enabled": true,
            "description": "Identifies failed attempts to sign in to disabled accounts across multiple Azure Applications.\nDefault threshold for Azure Applications attempted to sign in to is 3.\nReferences: https://docs.microsoft.com/azure/active-directory/reports-monitoring/reference-sign-ins-error-codes\n50057 - User account is disabled. The account has been disabled by an administrator.",
            "alertRuleTemplateName": "75ea5c39-93e5-489b-b1e1-68fa6c9d2d04"
        },
        "apiVersion": "2021-09-01-preview"
    }
]
}
