{
    "$schema": "https://schema.management.azure.com/schemas/2019-04-01/deploymentTemplate.json#",
    "contentVersion": "1.0.0.0",
    "parameters": {
        "workspace": {
            "type": "String"
        }
    },
    "resources": [
        {
            "id": "[concat(resourceId('Microsoft.OperationalInsights/workspaces/providers', parameters('workspace'), 'Microsoft.SecurityInsights'),'/alertRules/41667cf3-f3ac-44d0-8e82-6d92adbf9c5b')]",
            "name": "[concat(parameters('workspace'),'/Microsoft.SecurityInsights/41667cf3-f3ac-44d0-8e82-6d92adbf9c5b')]",
            "type": "Microsoft.OperationalInsights/workspaces/providers/alertRules",
            "kind": "Scheduled",
            "properties": {
                "incidentConfiguration": {
                    "createIncident": true,
                    "groupingConfiguration": {
                        "enabled": true,
                        "reopenClosedIncident": false,
                        "lookbackDuration": "PT5H",
                        "matchingMethod": "Selected",
                        "groupByEntities": [
                            "Account"
                        ],
                    "groupByAlertDetails": [],
                "groupByCustomDetails": []
            }
        },
        "entityMappings": [
            {
                "entityType": "Account",
                "fieldMappings": [
                    {
                        "identifier": "FullName",
                        "columnName": "AccountCustomEntity"
                    }
                ]
            },
            {
                "entityType": "IP",
                "fieldMappings": [
                    {
                        "identifier": "Address",
                        "columnName": "IPCustomEntity"
                    }
                ]
            }
        ],
        "queryFrequency": "PT5M",
        "queryPeriod": "PT5M",
        "triggerOperator": "GreaterThan",
        "triggerThreshold": 0,
        "eventGroupingSettings": {
            "aggregationKind": "SingleAlert"
        },
        "severity": "Low",
        "query": "let threshold = 1;\nlet aadFunc = (tableName:string){\ntable(tableName)\n| where ConditionalAccessStatus == 1 or ConditionalAccessStatus =~ \"failure\"\n| extend DeviceDetail = todynamic(DeviceDetail), Status = todynamic(DeviceDetail), LocationDetails = todynamic(LocationDetails)\n| extend OS = DeviceDetail.operatingSystem, Browser = DeviceDetail.browser\n| extend State = tostring(LocationDetails.state), City = tostring(LocationDetails.city), Region = tostring(LocationDetails.countryOrRegion) \n| extend StatusCode = tostring(Status.errorCode), StatusDetails = tostring(Status.additionalDetails)\n| extend ConditionalAccessPolicies = todynamic(ConditionalAccessPolicies)\n| extend ConditionalAccessPol0Name = tostring(ConditionalAccessPolicies[0].displayName)\n| extend ConditionalAccessPol1Name = tostring(ConditionalAccessPolicies[1].displayName)\n| extend ConditionalAccessPol2Name = tostring(ConditionalAccessPolicies[2].displayName)\n| extend Status = strcat(StatusCode, \": \", ResultDescription) \n| summarize StartTime = min(TimeGenerated), EndTime = max(TimeGenerated), Status = make_list(Status), StatusDetails = make_list(StatusDetails), IPAddresses = make_list(IPAddress), IPAddressCount = dcount(IPAddress), CorrelationIds = make_list(CorrelationId) \nby UserPrincipalName, AppDisplayName, tostring(Browser), tostring(OS), City, State, Region, ConditionalAccessPol0Name, ConditionalAccessPol1Name, ConditionalAccessPol2Name, Type\n| where IPAddressCount > threshold and StatusDetails !has \"MFA successfully completed\"\n| mvexpand IPAddresses, Status, StatusDetails, CorrelationIds\n| extend Status = strcat(Status, \" \", StatusDetails)\n| where AppDisplayName <> \"Microsoft Office\"\n| summarize IPAddresses = make_set(IPAddresses), Status = make_set(Status), CorrelationIds = make_set(CorrelationIds) \nby StartTime, EndTime, UserPrincipalName, AppDisplayName, tostring(Browser), tostring(OS), City, State, Region, ConditionalAccessPol0Name, ConditionalAccessPol1Name, ConditionalAccessPol2Name, IPAddressCount, Type\n| extend timestamp = StartTime, AccountCustomEntity = UserPrincipalName, IPCustomEntity = tostring(IPAddresses)\n};\nlet aadSignin = aadFunc(\"SigninLogs\");\nlet aadNonInt = aadFunc(\"AADNonInteractiveUserSignInLogs\");\nunion isfuzzy=true aadSignin, aadNonInt",
        "suppressionDuration": "PT5H",
        "suppressionEnabled": false,
        "tactics": [
            "InitialAccess",
            "Persistence"
        ],
        "displayName": "Attempt to bypass conditional access rule in Azure AD",
        "enabled": true,
        "description": "Identifies an attempt to Bypass conditional access rule(s) in Azure Active Directory.\nThe ConditionalAccessStatus column value details if there was an attempt to bypass Conditional Access\nor if the Conditional access rule was not satisfied (ConditionalAccessStatus == 1).\nReferences: \nhttps://docs.microsoft.com/azure/active-directory/conditional-access/overview\nhttps://docs.microsoft.com/azure/active-directory/reports-monitoring/concept-sign-ins\nhttps://docs.microsoft.com/azure/active-directory/reports-monitoring/reference-sign-ins-error-codes\nConditionalAccessStatus == 0 // Success\nConditionalAccessStatus == 1 // Failure\nConditionalAccessStatus == 2 // Not Applied\nConditionalAccessStatus == 3 // unknown",
        "alertRuleTemplateName": "3af9285d-bb98-4a35-ad29-5ea39ba0c628"
    },
    "apiVersion": "2021-09-01-preview"
}
]
}
