{
    "$schema": "https://schema.management.azure.com/schemas/2019-04-01/deploymentTemplate.json#",
    "contentVersion": "1.0.0.0",
    "parameters": {
        "workspace": {
            "type": "String"
        }
    },
    "resources": [
        {
            "id": "[concat(resourceId('Microsoft.OperationalInsights/workspaces/providers', parameters('workspace'), 'Microsoft.SecurityInsights'),'/alertRules/f200f50e-1592-4f8f-bddc-7c4ecac4db25')]",
            "name": "[concat(parameters('workspace'),'/Microsoft.SecurityInsights/f200f50e-1592-4f8f-bddc-7c4ecac4db25')]",
            "type": "Microsoft.OperationalInsights/workspaces/providers/alertRules",
            "kind": "Scheduled",
            "properties": {
                "incidentConfiguration": {
                    "createIncident": true,
                    "groupingConfiguration": {
                        "enabled": true,
                        "reopenClosedIncident": false,
                        "lookbackDuration": "PT5H",
                        "matchingMethod": "AllEntities",
                    "groupByEntities": [],
                "groupByAlertDetails": [],
            "groupByCustomDetails": []
        }
    },
    "entityMappings": [
        {
            "entityType": "Host",
            "fieldMappings": [
                {
                    "identifier": "FullName",
                    "columnName": "CompromisedEntity"
                }
            ]
        }
    ],
    "templateVersion": "1.1.0",
    "queryFrequency": "P1D",
    "queryPeriod": "P1D",
    "triggerOperator": "GreaterThan",
    "triggerThreshold": 0,
    "eventGroupingSettings": {
        "aggregationKind": "SingleAlert"
    },
    "severity": "High",
    "query": "let UA_threats = dynamic([\"FoxBlade\", \"WhisperGate\", \"Lasainraw\", \"SonicVote\"]);\n  SecurityAlert\n  | where ProviderName == \"MDATP\"\n  | extend ThreatFamilyName = tostring(parse_json(ExtendedProperties).ThreatFamilyName)\n  | where ThreatFamilyName in (UA_threats)",
    "suppressionDuration": "PT5H",
    "suppressionEnabled": false,
    "tactics": [
        "Impact"
    ],
    "displayName": "AV detections related to Ukraine threats",
    "enabled": true,
    "description": "This query looks for Microsoft Defender AV detections for malware observed in relation to the war in Ukraine.\n  Ref: https://msrc-blog.microsoft.com/2022/02/28/analysis-resources-cyber-threat-activity-ukraine/ ",
    "alertRuleTemplateName": "b6685757-3ed1-4b05-a5bd-2cacadc86c2a"
},
"apiVersion": "2021-09-01-preview"
}
]
}
