{
    "$schema": "https://schema.management.azure.com/schemas/2019-04-01/deploymentTemplate.json#",
    "contentVersion": "1.0.0.0",
    "parameters": {
        "workspace": {
            "type": "String"
        }
    },
    "resources": [
        {
            "id": "[concat(resourceId('Microsoft.OperationalInsights/workspaces/providers', parameters('workspace'), 'Microsoft.SecurityInsights'),'/alertRules/7b30a841-c5a4-4aba-9c5c-15ddd2eede69')]",
            "name": "[concat(parameters('workspace'),'/Microsoft.SecurityInsights/7b30a841-c5a4-4aba-9c5c-15ddd2eede69')]",
            "type": "Microsoft.OperationalInsights/workspaces/providers/alertRules",
            "kind": "Scheduled",
            "properties": {
                "incidentConfiguration": {
                    "createIncident": true,
                    "groupingConfiguration": {
                        "enabled": false,
                        "reopenClosedIncident": false,
                        "lookbackDuration": "PT5H",
                        "matchingMethod": "AllEntities",
                    "groupByEntities": [],
                    "groupByAlertDetails": null,
                    "groupByCustomDetails": null
                }
            },
            "queryFrequency": "PT1H",
            "queryPeriod": "PT1H",
            "triggerOperator": "GreaterThan",
            "triggerThreshold": 0,
            "eventGroupingSettings": {
                "aggregationKind": "SingleAlert"
            },
            "severity": "Low",
            "query": "let auditLookback = 1h;\nSigninLogs\n| where TimeGenerated > ago(auditLookback)\n| where AppId =~ \"1b730954-1685-4b74-9bfd-dac224a7b894\" // AppDisplayName IS Azure Active Directory PowerShell\n| where TokenIssuerType =~ \"AzureAD\"\n| where ResourceIdentity !in (\"00000002-0000-0000-c000-000000000000\", \"00000003-0000-0000-c000-000000000000\") // ResourceDisplayName IS NOT Windows Azure Active Directory OR Microsoft Graph\n| where Status.errorCode == 0 // Success\n| project-reorder IPAddress, UserAgent, ResourceDisplayName, UserDisplayName, UserId, UserPrincipalName\n| order by TimeGenerated desc\n// New entity mapping\n| extend timestamp = TimeGenerated, AccountCustomEntity = UserPrincipalName, IPCustomEntity = IPAddress",
            "suppressionDuration": "PT5H",
            "suppressionEnabled": false,
            "tactics": [
                "InitialAccess"
            ],
            "displayName": "Azure Active Directory PowerShell accessing non-AAD resources",
            "enabled": true,
            "description": "This will alert when an user or application signs in using Azure Active Directory PowerShell to access non-Active Directory resources, such as the Azure Key Vault, which may be undesired or unauthorized behavior.\nFor capabilities and expected behavior of the Azure Active Directory PowerShell module, see: https://docs.microsoft.com/powershell/module/azuread/?view=azureadps-2.0.\nFor further information on Azure Active Directory Signin activity reports, see: https://docs.microsoft.com/azure/active-directory/reports-monitoring/concept-sign-ins.",
            "alertRuleTemplateName": "50574fac-f8d1-4395-81c7-78a463ff0c52"
        },
        "apiVersion": "2021-09-01-preview"
    }
]
}
