{
    "$schema": "https://schema.management.azure.com/schemas/2019-04-01/deploymentTemplate.json#",
    "contentVersion": "1.0.0.0",
    "parameters": {
        "workspace": {
            "type": "String"
        }
    },
    "resources": [
        {
            "id": "[concat(resourceId('Microsoft.OperationalInsights/workspaces/providers', parameters('workspace'), 'Microsoft.SecurityInsights'),'/alertRules/7d7b3ade-1442-4843-97e2-72fe6f306ad7')]",
            "name": "[concat(parameters('workspace'),'/Microsoft.SecurityInsights/7d7b3ade-1442-4843-97e2-72fe6f306ad7')]",
            "type": "Microsoft.OperationalInsights/workspaces/providers/alertRules",
            "kind": "Scheduled",
            "properties": {
                "incidentConfiguration": {
                    "createIncident": true,
                    "groupingConfiguration": {
                        "enabled": false,
                        "reopenClosedIncident": false,
                        "lookbackDuration": "PT5H",
                        "matchingMethod": "AllEntities",
                    "groupByEntities": [],
                    "groupByAlertDetails": null,
                    "groupByCustomDetails": null
                }
            },
            "queryFrequency": "P1D",
            "queryPeriod": "P1D",
            "triggerOperator": "GreaterThan",
            "triggerThreshold": 0,
            "eventGroupingSettings": {
                "aggregationKind": "SingleAlert"
            },
            "severity": "Medium",
            "query": "let timeframe = 1d;\nlet ProcessCreationEvents=() {\nlet processEvents=SecurityEvent\n| where EventID==4688\n| where isnotempty(CommandLine)\n| summarize StartTimeUtc = min(TimeGenerated), EndTimeUtc = max(TimeGenerated), count() by Computer, Account = SubjectUserName, AccountDomain = SubjectDomainName,\nFileName = Process, CommandLine, ParentProcessName;\nprocessEvents};\nProcessCreationEvents\n| where CommandLine contains \"TVqQAAMAAAAEAAA\"\n| where StartTimeUtc >= ago(timeframe)\n| extend timestamp = StartTimeUtc, AccountCustomEntity = Account, HostCustomEntity = Computer",
            "suppressionDuration": "PT5H",
            "suppressionEnabled": false,
            "tactics": [
                "Execution",
                "DefenseEvasion"
            ],
            "displayName": "Base64 encoded Windows process command-lines",
            "enabled": true,
            "description": "Identifies instances of a base64 encoded PE file header seen in the process command line parameter.",
            "alertRuleTemplateName": "ca67c83e-7fff-4127-a3e3-1af66d6d4cad"
        },
        "apiVersion": "2021-09-01-preview"
    }
]
}
