{
    "$schema": "https://schema.management.azure.com/schemas/2019-04-01/deploymentTemplate.json#",
    "contentVersion": "1.0.0.0",
    "parameters": {
        "workspace": {
            "type": "String"
        }
    },
    "resources": [
        {
            "id": "[concat(resourceId('Microsoft.OperationalInsights/workspaces/providers', parameters('workspace'), 'Microsoft.SecurityInsights'),'/alertRules/c0df7628-9e72-433f-a6e8-67ec3941d161')]",
            "name": "[concat(parameters('workspace'),'/Microsoft.SecurityInsights/c0df7628-9e72-433f-a6e8-67ec3941d161')]",
            "type": "Microsoft.OperationalInsights/workspaces/providers/alertRules",
            "kind": "Scheduled",
            "properties": {
                "incidentConfiguration": {
                    "createIncident": true,
                    "groupingConfiguration": {
                        "enabled": false,
                        "reopenClosedIncident": false,
                        "lookbackDuration": "PT5H",
                        "matchingMethod": "AllEntities",
                    "groupByEntities": [],
                    "groupByAlertDetails": null,
                    "groupByCustomDetails": null
                }
            },
            "queryFrequency": "P1D",
            "queryPeriod": "P1D",
            "triggerOperator": "GreaterThan",
            "triggerThreshold": 0,
            "eventGroupingSettings": {
                "aggregationKind": "SingleAlert"
            },
            "severity": "Medium",
            "query": "let failureCountThreshold = 5;\nlet successCountThreshold = 1;\nlet timeRange = 1d;\nlet authenticationWindow = 20m;\nSigninLogs\n| where TimeGenerated >= ago(timeRange)\n| extend OS = DeviceDetail.operatingSystem, Browser = DeviceDetail.browser\n| extend StatusCode = tostring(Status.errorCode), StatusDetails = tostring(Status.additionalDetails)\n| extend State = tostring(LocationDetails.state), City = tostring(LocationDetails.city)\n| where AppDisplayName contains \"Azure Portal\"\n// Split out failure versus non-failure types\n| extend FailureOrSuccess = iff(ResultType in (\"0\", \"50125\", \"50140\", \"70043\", \"70044\"), \"Success\", \"Failure\")\n| summarize StartTimeUtc = min(TimeGenerated), EndTimeUtc = max(TimeGenerated), IPAddress = makeset(IPAddress), makeset(OS), makeset(Browser), makeset(City), \nmakeset(ResultType), FailureCount = countif(FailureOrSuccess==\"Failure\"), SuccessCount = countif(FailureOrSuccess==\"Success\") \nby bin(TimeGenerated, authenticationWindow), UserDisplayName, UserPrincipalName, AppDisplayName\n| where FailureCount >= failureCountThreshold and SuccessCount >= successCountThreshold\n| mvexpand IPAddress\n| extend IPAddress = tostring(IPAddress)\n| extend timestamp = StartTimeUtc, AccountCustomEntity = UserPrincipalName, IPCustomEntity = IPAddress",
            "suppressionDuration": "PT5H",
            "suppressionEnabled": false,
            "tactics": [
                "CredentialAccess"
            ],
            "displayName": "Brute force attack against Azure Portal",
            "enabled": true,
            "description": "Identifies evidence of brute force activity against Azure Portal by highlighting multiple authentication failures \nand by a successful authentication within a given time window. \n(The query does not enforce any sequence - eg requiring the successful authentication to occur last.)\nDefault Failure count is 5, Default Success count is 1 and default Time Window is 20 minutes.\nReferences: https://docs.microsoft.com/azure/active-directory/reports-monitoring/reference-sign-ins-error-codes.",
            "alertRuleTemplateName": "28b42356-45af-40a6-a0b4-a554cdfd5d8a"
        },
        "apiVersion": "2021-09-01-preview"
    }
]
}
