{
    "$schema": "https://schema.management.azure.com/schemas/2019-04-01/deploymentTemplate.json#",
    "contentVersion": "1.0.0.0",
    "parameters": {
        "workspace": {
            "type": "String"
        }
    },
    "resources": [
        {
            "id": "[concat(resourceId('Microsoft.OperationalInsights/workspaces/providers', parameters('workspace'), 'Microsoft.SecurityInsights'),'/alertRules/7a1b3a48-6b31-4884-b614-fc3716b9e5e2')]",
            "name": "[concat(parameters('workspace'),'/Microsoft.SecurityInsights/7a1b3a48-6b31-4884-b614-fc3716b9e5e2')]",
            "type": "Microsoft.OperationalInsights/workspaces/providers/alertRules",
            "kind": "Scheduled",
            "properties": {
                "incidentConfiguration": {
                    "createIncident": true,
                    "groupingConfiguration": {
                        "enabled": false,
                        "reopenClosedIncident": false,
                        "lookbackDuration": "PT5M",
                        "matchingMethod": "AllEntities",
                    "groupByEntities": [],
                    "groupByAlertDetails": null,
                    "groupByCustomDetails": null
                }
            },
            "queryFrequency": "PT10M",
            "queryPeriod": "PT10M",
            "triggerOperator": "GreaterThan",
            "triggerThreshold": 0,
            "severity": "Medium",
            "query": "let lbtime = 10m;\nCisco_Umbrella\n| where TimeGenerated > ago(lbtime)\n| where EventType == 'proxylogs'\n| where DvcAction =~ 'Allowed'\n| where UrlOriginal matches regex @'\\Ahttp:\\/\\/\\d{1,3}\\.\\d{1,3}\\.\\d{1,3}\\.\\d{1,3}.*'\n| project TimeGenerated, SrcIpAddr, Identities\n| extend IPCustomEntity = SrcIpAddr\n| extend AccountCustomEntity = Identities\n",
            "suppressionDuration": "PT1H",
            "suppressionEnabled": false,
            "tactics": [
                "CommandAndControl"
            ],
            "displayName": "Cisco Umbrella - URI contains IP address",
            "enabled": false,
            "description": "Malware can use IP address to communicate with C2.",
            "alertRuleTemplateName": null
        },
        "apiVersion": "2021-09-01-preview"
    }
]
}
