{
    "$schema": "https://schema.management.azure.com/schemas/2019-04-01/deploymentTemplate.json#",
    "contentVersion": "1.0.0.0",
    "parameters": {
        "workspace": {
            "type": "String"
        }
    },
    "resources": [
        {
            "id": "[concat(resourceId('Microsoft.OperationalInsights/workspaces/providers', parameters('workspace'), 'Microsoft.SecurityInsights'),'/alertRules/13a3ce41-4486-4f37-a97e-52a5f2c80e25')]",
            "name": "[concat(parameters('workspace'),'/Microsoft.SecurityInsights/13a3ce41-4486-4f37-a97e-52a5f2c80e25')]",
            "type": "Microsoft.OperationalInsights/workspaces/providers/alertRules",
            "kind": "Scheduled",
            "properties": {
                "incidentConfiguration": {
                    "createIncident": true,
                    "groupingConfiguration": {
                        "enabled": false,
                        "reopenClosedIncident": false,
                        "lookbackDuration": "PT5M",
                        "matchingMethod": "AllEntities",
                    "groupByEntities": [],
                    "groupByAlertDetails": null,
                    "groupByCustomDetails": null
                }
            },
            "queryFrequency": "PT10M",
            "queryPeriod": "PT10M",
            "triggerOperator": "GreaterThan",
            "triggerThreshold": 0,
            "severity": "Medium",
            "query": "let lbtime = 10m;\nCisco_Umbrella\n| where TimeGenerated > ago(lbtime)\n| where EventType == 'proxylogs'\n| where DvcAction =~ 'Allowed'\n| where UrlCategory contains 'Adult Themes' or\n      UrlCategory contains 'Adware' or\n      UrlCategory contains 'Alcohol' or\n      UrlCategory contains 'Illegal Downloads' or\n      UrlCategory contains 'Drugs' or\n      UrlCategory contains 'Child Abuse Content' or\n      UrlCategory contains 'Hate/Discrimination' or\n      UrlCategory contains 'Nudity' or\n      UrlCategory contains 'Pornography' or\n      UrlCategory contains 'Proxy/Anonymizer' or\n      UrlCategory contains 'Sexuality' or\n      UrlCategory contains 'Tasteless' or\n      UrlCategory contains 'Terrorism' or\n      UrlCategory contains 'Web Spam' or\n      UrlCategory contains 'German Youth Protection' or\n      UrlCategory contains 'Illegal Activities' or\n      UrlCategory contains 'Lingerie/Bikini' or\n      UrlCategory contains 'Weapons'\n| project TimeGenerated, SrcIpAddr, Identities\n| extend IPCustomEntity = SrcIpAddr\n| extend AccountCustomEntity = Identities\n",
            "suppressionDuration": "PT1H",
            "suppressionEnabled": false,
            "tactics": [
                "CommandAndControl",
                "InitialAccess"
            ],
            "displayName": "Cisco Umbrella - Request Allowed to harmful/malicious URI category",
            "enabled": false,
            "description": "It is reccomended that these Categories shoud be blocked by policies because they provide harmful/malicious content..",
            "alertRuleTemplateName": null
        },
        "apiVersion": "2021-09-01-preview"
    }
]
}
