{
    "$schema": "https://schema.management.azure.com/schemas/2019-04-01/deploymentTemplate.json#",
    "contentVersion": "1.0.0.0",
    "parameters": {
        "workspace": {
            "type": "String"
        }
    },
    "resources": [
        {
            "id": "[concat(resourceId('Microsoft.OperationalInsights/workspaces/providers', parameters('workspace'), 'Microsoft.SecurityInsights'),'/alertRules/bc5f716f-8ddd-4718-bd6b-6dd14ae0f5a2')]",
            "name": "[concat(parameters('workspace'),'/Microsoft.SecurityInsights/bc5f716f-8ddd-4718-bd6b-6dd14ae0f5a2')]",
            "type": "Microsoft.OperationalInsights/workspaces/providers/alertRules",
            "kind": "Scheduled",
            "properties": {
                "incidentConfiguration": {
                    "createIncident": true,
                    "groupingConfiguration": {
                        "enabled": false,
                        "reopenClosedIncident": false,
                        "lookbackDuration": "PT5M",
                        "matchingMethod": "AllEntities",
                    "groupByEntities": [],
                    "groupByAlertDetails": null,
                    "groupByCustomDetails": null
                }
            },
            "queryFrequency": "P1D",
            "queryPeriod": "P14D",
            "triggerOperator": "GreaterThan",
            "triggerThreshold": 0,
            "severity": "Medium",
            "query": "let domain_lookBack= 14d;\nlet timeframe = 1d;\nlet top_million_list = Cisco_Umbrella\n| where EventType == \"proxylogs\"\n| where TimeGenerated > ago(domain_lookBack) and TimeGenerated < ago(timeframe)\n| extend Hostname = parse_url(UrlOriginal)[\"Host\"]\n| summarize count() by tostring(Hostname)\n| top 1000000 by count_\n| summarize make_list(Hostname);\nCisco_Umbrella\n| where EventType == \"proxylogs\"\n| where TimeGenerated > ago(timeframe)\n| extend Hostname = parse_url(UrlOriginal)[\"Host\"]\n| where Hostname !in (top_million_list)\n| extend Message = \"Connect to unpopular website (possible malicious payload delivery)\"\n| project Message, SrcIpAddr, DstIpAddr,UrlOriginal, TimeGenerated\n| extend IpCustomEntity = SrcIpAddr, UrlCustomEntity = UrlOriginal\n",
            "suppressionDuration": "PT1H",
            "suppressionEnabled": false,
            "tactics": [
                "CommandAndControl"
            ],
            "displayName": "Cisco Umbrella - Connection to Unpopular Website Detected",
            "enabled": false,
            "description": "Detects first connection to an unpopular website (possible malicious payload delivery).",
            "alertRuleTemplateName": null
        },
        "apiVersion": "2021-09-01-preview"
    }
]
}
