{
    "$schema": "https://schema.management.azure.com/schemas/2019-04-01/deploymentTemplate.json#",
    "contentVersion": "1.0.0.0",
    "parameters": {
        "workspace": {
            "type": "String"
        }
    },
    "resources": [
        {
            "id": "[concat(resourceId('Microsoft.OperationalInsights/workspaces/providers', parameters('workspace'), 'Microsoft.SecurityInsights'),'/alertRules/e5eb5a1f-8ca4-4379-8260-2c0fff431d27')]",
            "name": "[concat(parameters('workspace'),'/Microsoft.SecurityInsights/e5eb5a1f-8ca4-4379-8260-2c0fff431d27')]",
            "type": "Microsoft.OperationalInsights/workspaces/providers/alertRules",
            "kind": "Scheduled",
            "properties": {
                "incidentConfiguration": {
                    "createIncident": true,
                    "groupingConfiguration": {
                        "enabled": false,
                        "reopenClosedIncident": false,
                        "lookbackDuration": "PT5H",
                        "matchingMethod": "AllEntities",
                    "groupByEntities": [],
                "groupByAlertDetails": [],
            "groupByCustomDetails": []
        }
    },
    "entityMappings": [
        {
            "entityType": "Account",
            "fieldMappings": [
                {
                    "identifier": "FullName",
                    "columnName": "AccountCustomEntity"
                }
            ]
        },
        {
            "entityType": "IP",
            "fieldMappings": [
                {
                    "identifier": "Address",
                    "columnName": "IPCustomEntity"
                }
            ]
        }
    ],
    "queryFrequency": "PT5M",
    "queryPeriod": "PT5M",
    "triggerOperator": "GreaterThan",
    "triggerThreshold": 0,
    "eventGroupingSettings": {
        "aggregationKind": "SingleAlert"
    },
    "severity": "Medium",
    "query": "let auditLookbackStart = 2d;\nlet auditLookbackEnd = 1d;\nAuditLogs\n| where TimeGenerated >= ago(auditLookbackStart)\n| where OperationName =~ \"Consent to application\" \n| where Result =~ \"success\"\n| mv-expand target = TargetResources\n| extend targetResourceName = tostring(target.displayName)\n| extend targetResourceID = tostring(target.id)\n| extend targetResourceType = tostring(target.type)\n| extend targetModifiedProp = TargetResources[0].modifiedProperties\n| extend isAdminConsent = targetModifiedProp[0].newValue\n| extend Consent_ServicePrincipalNames = targetModifiedProp[5].newValue\n| extend Consent_Permissions = targetModifiedProp[4].newValue\n| extend Consent_InitiatingUserOrApp = iff(isnotempty(InitiatedBy.user.userPrincipalName),tostring(InitiatedBy.user.userPrincipalName), tostring(InitiatedBy.app.displayName))\n| extend Consent_InitiatingIpAddress = iff(isnotempty(InitiatedBy.user.ipAddress), tostring(InitiatedBy.user.ipAddress), tostring(InitiatedBy.app.ipAddress))\n| join ( \nAuditLogs\n| where TimeGenerated  >= ago(auditLookbackEnd)\n| where OperationName =~ \"Add service principal credentials\"\n| where Result =~ \"success\"\n| mv-expand target = TargetResources\n| extend targetResourceName = tostring(target.displayName)\n| extend targetResourceID = tostring(target.id)\n| extend targetModifiedProp = TargetResources[0].modifiedProperties\n| extend Credential_KeyDescription = targetModifiedProp[0].newValue\n| extend UpdatedProperties = targetModifiedProp[1].newValue\n| extend Credential_ServicePrincipalNames = targetModifiedProp[2].newValue\n| extend Credential_InitiatingUserOrApp = iff(isnotempty(InitiatedBy.user.userPrincipalName),tostring(InitiatedBy.user.userPrincipalName), tostring(InitiatedBy.app.displayName))\n| extend Credential_InitiatingIpAddress = iff(isnotempty(InitiatedBy.user.ipAddress), tostring(InitiatedBy.user.ipAddress), tostring(InitiatedBy.app.ipAddress))\n) on targetResourceName, targetResourceID\n| extend TimeConsent = TimeGenerated, TimeCred = TimeGenerated1\n| where TimeConsent > TimeCred \n| project TimeConsent, TimeCred, Consent_InitiatingUserOrApp, Credential_InitiatingUserOrApp, targetResourceName, targetResourceType, isAdminConsent, Consent_ServicePrincipalNames, Credential_ServicePrincipalNames, Consent_Permissions, Credential_KeyDescription, Consent_InitiatingIpAddress, Credential_InitiatingIpAddress\n| extend timestamp = TimeConsent, AccountCustomEntity = Consent_InitiatingUserOrApp, IPCustomEntity = Consent_InitiatingIpAddress",
    "suppressionDuration": "PT5H",
    "suppressionEnabled": false,
    "tactics": [
        "CredentialAccess"
    ],
    "displayName": "Credential added after admin consented to Application",
    "enabled": true,
    "description": "This query will identify instances where Service Principal credentials were added to an application by one user after the application was granted admin consent rights by another user.\n If a threat actor obtains access to an account with sufficient privileges and adds the alternate authentication material triggering this event, the threat actor can now authenticate as the Application or Service Principal using this credential.\n Additional information on OAuth Credential Grants can be found in RFC 6749 Section 4.4 or https://docs.microsoft.com/azure/active-directory/develop/v2-oauth2-client-creds-grant-flow.\n For further information on AuditLogs please see https://docs.microsoft.com/azure/active-directory/reports-monitoring/reference-audit-activities",
    "alertRuleTemplateName": "707494a5-8e44-486b-90f8-155d1797a8eb"
},
"apiVersion": "2021-09-01-preview"
}
]
}
