{
    "$schema": "https://schema.management.azure.com/schemas/2019-04-01/deploymentTemplate.json#",
    "contentVersion": "1.0.0.0",
    "parameters": {
        "workspace": {
            "type": "String"
        }
    },
    "resources": [
        {
            "id": "[concat(resourceId('Microsoft.OperationalInsights/workspaces/providers', parameters('workspace'), 'Microsoft.SecurityInsights'),'/alertRules/84015518-f112-4200-937d-40e2351e6ce0')]",
            "name": "[concat(parameters('workspace'),'/Microsoft.SecurityInsights/84015518-f112-4200-937d-40e2351e6ce0')]",
            "type": "Microsoft.OperationalInsights/workspaces/providers/alertRules",
            "kind": "Scheduled",
            "properties": {
                "incidentConfiguration": {
                    "createIncident": true,
                    "groupingConfiguration": {
                        "enabled": true,
                        "reopenClosedIncident": false,
                        "lookbackDuration": "PT5H",
                        "matchingMethod": "AllEntities",
                    "groupByEntities": [],
                "groupByAlertDetails": [],
            "groupByCustomDetails": []
        }
    },
    "entityMappings": [
        {
            "entityType": "AzureResource",
            "fieldMappings": [
                {
                    "identifier": "ResourceId",
                    "columnName": "SentinelResourceId"
                }
            ]
        },
        {
            "entityType": "CloudApplication",
            "fieldMappings": [
                {
                    "identifier": "Name",
                    "columnName": "SentinelResourceName"
                }
            ]
        }
    ],
    "queryFrequency": "P1D",
    "queryPeriod": "P1D",
    "triggerOperator": "GreaterThan",
    "triggerThreshold": 0,
    "eventGroupingSettings": {
        "aggregationKind": "SingleAlert"
    },
    "severity": "Informational",
    "query": "SentinelHealth \r\n| where Status <> \"Success\"",
    "suppressionDuration": "PT5H",
    "suppressionEnabled": false,
"tactics": [],
"displayName": "Data Connector failure",
"enabled": true,
"description": "Query uses the SentinelHealth table to look for any resource which has a status that is not equal to \"Success\"",
"alertRuleTemplateName": null
},
"apiVersion": "2021-09-01-preview"
}
]
}
