{
    "$schema": "https://schema.management.azure.com/schemas/2019-04-01/deploymentTemplate.json#",
    "contentVersion": "1.0.0.0",
    "parameters": {
        "workspace": {
            "type": "String"
        }
    },
    "resources": [
        {
            "id": "[concat(resourceId('Microsoft.OperationalInsights/workspaces/providers', parameters('workspace'), 'Microsoft.SecurityInsights'),'/alertRules/0bfefe9b-824b-41f0-9a6d-9ca6e2a04402')]",
            "name": "[concat(parameters('workspace'),'/Microsoft.SecurityInsights/0bfefe9b-824b-41f0-9a6d-9ca6e2a04402')]",
            "type": "Microsoft.OperationalInsights/workspaces/providers/alertRules",
            "kind": "Scheduled",
            "properties": {
                "incidentConfiguration": {
                    "createIncident": true,
                    "groupingConfiguration": {
                        "enabled": false,
                        "reopenClosedIncident": false,
                        "lookbackDuration": "PT5H",
                        "matchingMethod": "AllEntities",
                    "groupByEntities": [],
                    "groupByAlertDetails": null,
                    "groupByCustomDetails": null
                }
            },
            "queryFrequency": "P1D",
            "queryPeriod": "P1D",
            "triggerOperator": "GreaterThan",
            "triggerThreshold": 0,
            "eventGroupingSettings": {
                "aggregationKind": "SingleAlert"
            },
            "severity": "Medium",
            "query": "let timeRange = 1d;\nlet s_threshold = 30;\nlet l_threshold = 3;\nSigninLogs\n| where TimeGenerated >= ago(timeRange)\n| where OperationName =~ \"Sign-in activity\"\n// Error codes that we want to look at as they are related to the use of incorrect password.\n| where ResultType in (\"50126\", \"50053\" , \"50055\", \"50056\")\n| extend OS = DeviceDetail.operatingSystem, Browser = DeviceDetail.browser \n| extend LocationString= strcat(tostring(LocationDetails[\"countryOrRegion\"]), \"/\", tostring(LocationDetails[\"state\"]), \"/\", tostring(LocationDetails[\"city\"]))\n| summarize StartTime = min(TimeGenerated), EndTime = max(TimeGenerated),LocationCount=dcount(LocationString), Location = make_set(LocationString), \nIPAddress = make_set(IPAddress), IPAddressCount = dcount(IPAddress), AppDisplayName = make_set(AppDisplayName), ResultDescription = make_set(ResultDescription), \nBrowser = make_set(Browser), OS = make_set(OS), SigninCount = count() by UserPrincipalName                               \n// Setting a generic threshold - Can be different for different environment\n| where SigninCount > s_threshold and LocationCount >= l_threshold\n| extend tostring(Location), tostring(IPAddress), tostring(AppDisplayName), tostring(ResultDescription), tostring(Browser), tostring(OS)\n| distinct *\n| extend timestamp = StartTime, AccountCustomEntity = UserPrincipalName, IPCustomEntity = IPAddress",
            "suppressionDuration": "PT5H",
            "suppressionEnabled": false,
            "tactics": [
                "CredentialAccess"
            ],
            "displayName": "Distributed Password cracking attempts in AzureAD",
            "enabled": true,
            "description": "Identifies distributed password cracking attempts from the Azure Active Directory SigninLogs.\nThe query looks for unusually high number of failed password attempts coming from multiple locations for a user account.\nReferences: https://docs.microsoft.com/azure/active-directory/reports-monitoring/reference-sign-ins-error-codes\n50053   Account is locked because the user tried to sign in too many times with an incorrect user ID or password.\n50055   Invalid password, entered expired password.\n50056   Invalid or null password - Password does not exist in store for this user.\n50126   Invalid username or password, or invalid on-premises username or password.",
            "alertRuleTemplateName": "bfb1c90f-8006-4325-98be-c7fffbc254d6"
        },
        "apiVersion": "2021-09-01-preview"
    }
]
}
