{
    "$schema": "https://schema.management.azure.com/schemas/2019-04-01/deploymentTemplate.json#",
    "contentVersion": "1.0.0.0",
    "parameters": {
        "workspace": {
            "type": "String"
        }
    },
    "resources": [
        {
            "id": "[concat(resourceId('Microsoft.OperationalInsights/workspaces/providers', parameters('workspace'), 'Microsoft.SecurityInsights'),'/alertRules/b76f5100-3374-4f44-82dc-98c18647bef9')]",
            "name": "[concat(parameters('workspace'),'/Microsoft.SecurityInsights/b76f5100-3374-4f44-82dc-98c18647bef9')]",
            "type": "Microsoft.OperationalInsights/workspaces/providers/alertRules",
            "kind": "Scheduled",
            "properties": {
                "incidentConfiguration": {
                    "createIncident": true,
                    "groupingConfiguration": {
                        "enabled": false,
                        "reopenClosedIncident": false,
                        "lookbackDuration": "PT5H",
                        "matchingMethod": "AllEntities",
                    "groupByEntities": [],
                "groupByAlertDetails": [],
            "groupByCustomDetails": []
        }
    },
    "entityMappings": [
        {
            "entityType": "Account",
            "fieldMappings": [
                {
                    "identifier": "FullName",
                    "columnName": "AccountCustomEntity"
                }
            ]
        },
        {
            "entityType": "Host",
            "fieldMappings": [
                {
                    "identifier": "FullName",
                    "columnName": "HostCustomEntity"
                }
            ]
        }
    ],
    "queryFrequency": "PT5M",
    "queryPeriod": "PT5M",
    "triggerOperator": "GreaterThan",
    "triggerThreshold": 0,
    "eventGroupingSettings": {
        "aggregationKind": "SingleAlert"
    },
    "severity": "Medium",
    "query": "let timeframe = 1d;\nlet cmdList = dynamic([\"Set-CASMailbox\",\"ActiveSyncAllowedDeviceIDs\",\"add\"]);\n(union isfuzzy=true\n(\nSecurityEvent\n| where TimeGenerated >= ago(timeframe)\n| where CommandLine has_all (cmdList)\n| project Type, TimeGenerated, Computer, Account, SubjectDomainName, SubjectUserName, Process, ParentProcessName, CommandLine\n| extend timestamp = TimeGenerated, AccountCustomEntity = Account, HostCustomEntity = Computer\n),\n(\nDeviceProcessEvents\n| where TimeGenerated >= ago(timeframe)\n| where InitiatingProcessCommandLine has_all (cmdList)\n| project Type, TimeGenerated, DeviceName, AccountName, InitiatingProcessAccountDomain, InitiatingProcessAccountName, InitiatingProcessFileName, InitiatingProcessParentFileName,  InitiatingProcessCommandLine\n| extend timestamp = TimeGenerated, AccountCustomEntity = AccountName, HostCustomEntity = DeviceName\n),\n(\nEvent\n| where TimeGenerated > ago(timeframe)\n| where Source == \"Microsoft-Windows-Sysmon\"\n| where EventID == 1\n| extend EventData = parse_xml(EventData).DataItem.EventData.Data\n| mv-expand bagexpansion=array EventData\n| evaluate bag_unpack(EventData)\n| extend Key=tostring(['@Name']), Value=['#text']\n| evaluate pivot(Key, any(Value), TimeGenerated, Source, EventLog, Computer, EventLevel, EventLevelName, EventID, UserName, RenderedDescription, MG, ManagementGroupName, Type, _ResourceId)\n| where TimeGenerated >= ago(timeframe)\n| where CommandLine has_all (cmdList)\n| extend Type = strcat(Type, \": \", Source)\n| project Type, TimeGenerated, Computer, User, Process, ParentImage, CommandLine\n| extend timestamp = TimeGenerated, AccountCustomEntity = User, HostCustomEntity = Computer\n)\n)",
    "suppressionDuration": "PT5H",
    "suppressionEnabled": false,
    "tactics": [
        "PrivilegeEscalation"
    ],
    "displayName": "Email access via active sync",
    "enabled": true,
    "description": "This query detects attempts to add attacker devices as allowed IDs for active sync using the Set-CASMailbox command.\nThis technique was seen in relation to Solorigate attack but the results can indicate potential malicious activity used in different attacks.\n- Note that this query can be changed to use the KQL \"has_all\" operator, which hasn't yet been documented officially, but will be soon.\n  In short, \"has_all\" will only match when the referenced field has all strings in the list.\n- Refer to Set-CASMailbox syntax: https://docs.microsoft.com/powershell/module/exchange/set-casmailbox?view=exchange-ps  ",
    "alertRuleTemplateName": "2f561e20-d97b-4b13-b02d-18b34af6e87c"
},
"apiVersion": "2021-09-01-preview"
}
]
}
