{
    "$schema": "https://schema.management.azure.com/schemas/2019-04-01/deploymentTemplate.json#",
    "contentVersion": "1.0.0.0",
    "parameters": {
        "workspace": {
            "type": "String"
        }
    },
    "resources": [
        {
            "id": "[concat(resourceId('Microsoft.OperationalInsights/workspaces/providers', parameters('workspace'), 'Microsoft.SecurityInsights'),'/alertRules/e7662203-36fb-49c3-b16b-a17f1688515e')]",
            "name": "[concat(parameters('workspace'),'/Microsoft.SecurityInsights/e7662203-36fb-49c3-b16b-a17f1688515e')]",
            "type": "Microsoft.OperationalInsights/workspaces/providers/alertRules",
            "kind": "Scheduled",
            "properties": {
                "incidentConfiguration": {
                    "createIncident": true,
                    "groupingConfiguration": {
                        "enabled": false,
                        "reopenClosedIncident": false,
                        "lookbackDuration": "PT5H",
                        "matchingMethod": "AllEntities",
                    "groupByEntities": [],
                "groupByAlertDetails": [],
            "groupByCustomDetails": []
        }
    },
    "entityMappings": [
        {
            "entityType": "IP",
            "fieldMappings": [
                {
                    "identifier": "Address",
                    "columnName": "IPCustomEntity"
                }
            ]
        },
        {
            "entityType": "Account",
            "fieldMappings": [
                {
                    "identifier": "FullName",
                    "columnName": "AccountCustomEntity"
                }
            ]
        },
        {
            "entityType": "Host",
            "fieldMappings": [
                {
                    "identifier": "FullName",
                    "columnName": "HostCustomEntity"
                }
            ]
        },
        {
            "entityType": "IP",
            "fieldMappings": [
                {
                    "identifier": "Address",
                    "columnName": "IPCustomEntity"
                }
            ]
        }
    ],
    "queryFrequency": "PT5M",
    "queryPeriod": "PT5M",
    "triggerOperator": "GreaterThan",
    "triggerThreshold": 0,
    "eventGroupingSettings": {
        "aggregationKind": "SingleAlert"
    },
    "severity": "Medium",
    "query": "let iocs = externaldata(DateAdded:string,FirstSeen:string,IoC:string,Type:string,TLP:string)\n[@\"https://raw.githubusercontent.com/Azure/Azure-Sentinel/master/Sample%20Data/Feeds/MSTICIoCs-ExchangeServerVulnerabilitiesDisclosedMarch2021.csv\"] with (format=\"csv\", ignoreFirstRecord=True);\nlet file_paths = (iocs | where Type =~ \"filepath\" | project IoC);\nlet sha256s = (iocs | where Type =~ \"sha256\" | project IoC);\nlet ips = (iocs | where Type =~ \"ip\" | project IoC);\nlet domains = (iocs | where Type =~ \"domainname\" | project IoC);\nunion isfuzzy=true\n(SecurityEvent\n| where EventID == 4663\n| where ObjectName in (file_paths)\n| extend timestamp = TimeGenerated, AccountCustomEntity = Account, HostCustomEntity = Computer\n),\n(imFileEvent\n| where TargetFileName in (file_paths)\n  or\n  TargetFileSHA256 in (sha256s)\n| extend timestamp = TimeGenerated, AccountCustomEntity = ActorUsername, HostCustomEntity = DvcHostname\n),\n(DeviceFileEvents\n| where FolderPath in (file_paths)\n| extend timestamp = TimeGenerated, AccountCustomEntity = InitiatingProcessAccountName, HostCustomEntity = DeviceName\n),\n(DeviceEvents\n| where InitiatingProcessSHA256 in (sha256s)\n| extend timestamp = TimeGenerated, AccountCustomEntity = InitiatingProcessAccountName, HostCustomEntity = DeviceName\n),\n(CommonSecurityLog\n| where FileHash in (sha256s)\n| extend timestamp = TimeGenerated\n),\n(Event\n//This query uses sysmon data depending on table name used this may need updating\n| where Source == \"Microsoft-Windows-Sysmon\"\n| extend EvData = parse_xml(EventData)\n| extend EventDetail = EvData.DataItem.EventData.Data\n| extend Hashes = EventDetail.[16].[\"#text\"]\n| where isnotempty(Hashes)\n| parse Hashes with * 'SHA256=' SHA256 ',' *\n| where SHA256 in~ (sha256s)\n| extend Type = strcat(Type, \": \", Source), Account = UserName, FileHash = Hashes\n| extend timestamp = TimeGenerated, AccountCustomEntity = Account, HostCustomEntity = Computer\n),\n(CommonSecurityLog\n| where isnotempty(SourceIP) or isnotempty(DestinationIP)\n| where (SourceIP in (ips) or DestinationIP in (ips) or Message has_any (ips)) or (RequestURL has_any (domains))\n| extend IPMatch = case(SourceIP in (ips), \"SourceIP\", DestinationIP in (ips), \"DestinationIP\", \"Message\")\n| summarize StartTimeUtc = min(TimeGenerated), EndTimeUtc = max(TimeGenerated) by SourceIP, DestinationIP, DeviceProduct, DeviceAction, Message, Protocol, SourcePort, DestinationPort, DeviceAddress, DeviceName, IPMatch\n| extend timestamp = StartTimeUtc, IPCustomEntity = case(IPMatch == \"SourceIP\", SourceIP, IPMatch == \"DestinationIP\", DestinationIP, \"IP in Message Field\")\n),\n(VMConnection\n| where isnotempty(SourceIp) or isnotempty(DestinationIp)\n| where SourceIp in (ips) or DestinationIp in (ips)\n| extend IPMatch = case( SourceIp in (ips), \"SourceIP\", DestinationIp in (ips), \"DestinationIP\", \"None\")\n| extend timestamp = TimeGenerated , IPCustomEntity = case(IPMatch == \"SourceIP\", SourceIp, IPMatch == \"DestinationIP\", DestinationIp, \"None\"), Host = Computer\n),\n(Event\n| where Source == \"Microsoft-Windows-Sysmon\"\n| where EventID == 3\n| extend EvData = parse_xml(EventData)\n| extend EventDetail = EvData.DataItem.EventData.Data\n| extend SourceIP = EventDetail.[9].[\"#text\"], DestinationIP = EventDetail.[14].[\"#text\"]\n| where SourceIP in (ips) or DestinationIP in (ips)\n| extend IPMatch = case( SourceIP in (ips), \"SourceIP\", DestinationIP in (ips), \"DestinationIP\", \"None\")\n| extend timestamp = TimeGenerated, AccountCustomEntity = UserName, HostCustomEntity = Computer , IPCustomEntity = case(IPMatch == \"SourceIP\", SourceIP, IPMatch == \"DestinationIP\", DestinationIP, \"None\")\n),\n(WireData\n| where isnotempty(RemoteIP)\n| where RemoteIP in (ips)\n| extend timestamp = TimeGenerated, IPCustomEntity = RemoteIP, HostCustomEntity = Computer\n),\n(W3CIISLog\n| where isnotempty(cIP)\n| where cIP in (ips)\n| extend timestamp = TimeGenerated, IPCustomEntity = cIP, HostCustomEntity = Computer, AccountCustomEntity = csUserName\n),\n(\nDeviceNetworkEvents\n| where (RemoteIPType =~ \"Public\" and RemoteUrl has_any (domains)) or (isnotempty(RemoteIP) and RemoteIP in (ips))\n| extend timestamp = TimeGenerated, IPCustomEntity = RemoteIP, HostCustomEntity = DeviceName\n),\n(\nWindowsFirewall\n| where SourceIP in (ips) or DestinationIP in (ips)\n| extend IPMatch = case( SourceIP in (ips), \"SourceIP\", DestinationIP in (ips), \"DestinationIP\", \"None\")\n),\n(\nDnsEvents\n| where SubType =~ \"LookupQuery\"\n| where Name has_any (domains)\n| extend timestamp = TimeGenerated, IPCustomEntity = ClientIP, HostCustomEntity = Computer\n),\n(\nimDns\n| where DnsQuery has_any (domains)\n| extend timestamp = TimeGenerated, IPCustomEntity = SrcIpAddr, HostCustomEntity = Dvc\n)",
    "suppressionDuration": "PT5H",
    "suppressionEnabled": false,
    "tactics": [
        "InitialAccess"
    ],
    "displayName": "Exchange Server Vulnerabilities Disclosed March 2021 IoC Match",
    "enabled": true,
    "description": "This detection look for IoCs shared by Microsoft relating to attacks exploiting the Exchange Server vulnerabilities disclosed in March 2021. It looks for SHA256 file hashes, IP addresses and file paths in a number of data sources. This query can also be customized with additional data sources that may include these elements.\nRef: https://msrc-blog.microsoft.com/2021/03/02/multiple-security-updates-released-for-exchange-server/",
    "alertRuleTemplateName": "d804b39c-03a4-417c-a949-bdbf21fa3305"
},
"apiVersion": "2021-09-01-preview"
}
]
}
