{
    "$schema": "https://schema.management.azure.com/schemas/2019-04-01/deploymentTemplate.json#",
    "contentVersion": "1.0.0.0",
    "parameters": {
        "workspace": {
            "type": "String"
        }
    },
    "resources": [
        {
            "id": "[concat(resourceId('Microsoft.OperationalInsights/workspaces/providers', parameters('workspace'), 'Microsoft.SecurityInsights'),'/alertRules/8ab7a8ed-88de-4379-ab5c-8ee3ca72c0dc')]",
            "name": "[concat(parameters('workspace'),'/Microsoft.SecurityInsights/8ab7a8ed-88de-4379-ab5c-8ee3ca72c0dc')]",
            "type": "Microsoft.OperationalInsights/workspaces/providers/alertRules",
            "kind": "Scheduled",
            "properties": {
                "incidentConfiguration": {
                    "createIncident": true,
                    "groupingConfiguration": {
                        "enabled": false,
                        "reopenClosedIncident": false,
                        "lookbackDuration": "PT5H",
                        "matchingMethod": "AllEntities",
                    "groupByEntities": [],
                    "groupByAlertDetails": null,
                    "groupByCustomDetails": null
                }
            },
            "queryFrequency": "P1D",
            "queryPeriod": "P14D",
            "triggerOperator": "GreaterThan",
            "triggerThreshold": 0,
            "eventGroupingSettings": {
                "aggregationKind": "SingleAlert"
            },
            "severity": "Medium",
            "query": "let starttime = 14d;\nlet endtime = 1d;\nlet timeframe = 1h;\nlet scorethreshold = 1.5;\nlet percentthreshold = 50;\n// Preparing the time series data aggregated hourly count of MailItemsAccessd Operation in the form of multi-value array to use with time series anomaly function.\nlet TimeSeriesData = \nOfficeActivity \n| where TimeGenerated  between (startofday(ago(starttime))..startofday(ago(endtime)))\n| where OfficeWorkload=~ \"Exchange\" and Operation =~ \"MailItemsAccessed\" and ResultStatus =~ \"Succeeded\"\n| project TimeGenerated, Operation, MailboxOwnerUPN \n| make-series Total=count() on TimeGenerated from startofday(ago(starttime)) to startofday(ago(endtime)) step timeframe;\nlet TimeSeriesAlerts = TimeSeriesData\n| extend (anomalies, score, baseline) = series_decompose_anomalies(Total, scorethreshold, -1, 'linefit')\n| mv-expand Total to typeof(double), TimeGenerated to typeof(datetime), anomalies to typeof(double), score to typeof(double), baseline to typeof(long)\n| where anomalies > 0\n| project TimeGenerated, Total, baseline, anomalies, score;\n// Joining the flagged outlier from the previous step with the original dataset to present contextual information\n// during the anomalyhour to analysts to conduct investigation or informed decisions.\nTimeSeriesAlerts | where TimeGenerated > ago(2d)\n// Join against base logs since specified timeframe to retrive records associated with the hour of anomoly\n| join ( \n    OfficeActivity \n| where TimeGenerated > ago(2d)\n| where OfficeWorkload=~ \"Exchange\" and Operation =~ \"MailItemsAccessed\" and ResultStatus =~ \"Succeeded\"\n) on TimeGenerated",
            "suppressionDuration": "PT5H",
            "suppressionEnabled": false,
            "tactics": [
                "Collection"
            ],
            "displayName": "Exchange workflow MailItemsAccessed operation anomaly",
            "enabled": true,
            "description": "Identifies anomalous increases in Exchange mail items accessed operations. \nThe query leverages KQL built-in anomaly detection algorithms to find large deviations from baseline patterns. \nSudden increases in execution frequency of sensitive actions should be further investigated for malicious activity.\nManually change scorethreshold from 1.5 to 3 or higher to reduce the noise based on outliers flagged from the query criteria.\nRead more about MailItemsAccessed- https://docs.microsoft.com/microsoft-365/compliance/advanced-audit?view=o365-worldwide#mailitemsaccessed",
            "alertRuleTemplateName": "b4ceb583-4c44-4555-8ecf-39f572e827ba"
        },
        "apiVersion": "2021-09-01-preview"
    }
]
}
