{
    "$schema": "https://schema.management.azure.com/schemas/2019-04-01/deploymentTemplate.json#",
    "contentVersion": "1.0.0.0",
    "parameters": {
        "workspace": {
            "type": "String"
        }
    },
    "resources": [
        {
            "id": "[concat(resourceId('Microsoft.OperationalInsights/workspaces/providers', parameters('workspace'), 'Microsoft.SecurityInsights'),'/alertRules/9091daa0-6c30-4878-a45a-c43eb8caf2a9')]",
            "name": "[concat(parameters('workspace'),'/Microsoft.SecurityInsights/9091daa0-6c30-4878-a45a-c43eb8caf2a9')]",
            "type": "Microsoft.OperationalInsights/workspaces/providers/alertRules",
            "kind": "Scheduled",
            "properties": {
                "incidentConfiguration": {
                    "createIncident": true,
                    "groupingConfiguration": {
                        "enabled": false,
                        "reopenClosedIncident": false,
                        "lookbackDuration": "PT5H",
                        "matchingMethod": "AllEntities",
                    "groupByEntities": [],
                "groupByAlertDetails": [],
            "groupByCustomDetails": []
        }
    },
    "entityMappings": [
        {
            "entityType": "Account",
            "fieldMappings": [
                {
                    "identifier": "FullName",
                    "columnName": "AccountCustomEntity"
                }
            ]
        },
        {
            "entityType": "Host",
            "fieldMappings": [
                {
                    "identifier": "FullName",
                    "columnName": "HostCustomEntity"
                }
            ]
        }
    ],
    "queryFrequency": "PT5M",
    "queryPeriod": "PT5M",
    "triggerOperator": "GreaterThan",
    "triggerThreshold": 0,
    "eventGroupingSettings": {
        "aggregationKind": "SingleAlert"
    },
    "severity": "High",
    "query": "SecurityEvent\n// Look for specific Directory Service Changes and parse data\n| where EventID == 5136\n| extend EventData = parse_xml(EventData).EventData.Data\n| mv-expand bagexpansion = array EventData\n| evaluate bag_unpack(EventData)\n| extend Key = tostring(column_ifexists('@Name', \"\")), Value = column_ifexists('#text', \"\")\n| evaluate pivot(Key, any(Value),TimeGenerated, EventID, Computer, Account, AccountType, EventSourceName, Activity, SubjectAccount)\n// Where changes relate to Exchange OAB\n| extend ObjectClass = column_ifexists(\"ObjectClass\", \"\")\n| where ObjectClass =~ \"msExchOABVirtualDirectory\"\n// Look for InternalHostName or ExternalHostName properties being changed\n| extend AttributeLDAPDisplayName = column_ifexists(\"AttributeLDAPDisplayName\", \"\")\n| where AttributeLDAPDisplayName in (\"msExchExternalHostName\", \"msExchInternalHostName\")\n// Look for suspected webshell activity\n| extend AttributeValue = column_ifexists(\"AttributeValue\", \"\")\n| where AttributeValue has \"script\"\n| project-rename LastSeen = TimeGenerated\n| extend ObjectDN = column_ifexists(\"ObjectDN\", \"\")\n| project-reorder LastSeen, Computer, Account, ObjectDN, AttributeLDAPDisplayName, AttributeValue\n| extend timestamp = LastSeen, AccountCustomEntity = Account, HostCustomEntity = Computer",
    "suppressionDuration": "PT5H",
    "suppressionEnabled": false,
    "tactics": [
        "InitialAccess"
    ],
    "displayName": "Exchange OAB Virtual Directory Attribute Containing Potential Webshell",
    "enabled": true,
    "description": "This query uses Windows Event ID 5136 in order to detect potential webshell deployment by exploitation of CVE-2021-27065.\nThis query looks for changes to the InternalHostName or ExternalHostName properties of Exchange OAB Virtual Directory objects in AD Directory Services\nwhere the new objects contain potential webshell objects. Ref: https://aka.ms/ExchangeVulns",
    "alertRuleTemplateName": "faf1a6ff-53b5-4f92-8c55-4b20e9957594"
},
"apiVersion": "2021-09-01-preview"
}
]
}
