{
    "$schema": "https://schema.management.azure.com/schemas/2019-04-01/deploymentTemplate.json#",
    "contentVersion": "1.0.0.0",
    "parameters": {
        "workspace": {
            "type": "String"
        }
    },
    "resources": [
        {
            "id": "[concat(resourceId('Microsoft.OperationalInsights/workspaces/providers', parameters('workspace'), 'Microsoft.SecurityInsights'),'/alertRules/13433bfe-72e5-434b-867f-3a2a6dcbd0c1')]",
            "name": "[concat(parameters('workspace'),'/Microsoft.SecurityInsights/13433bfe-72e5-434b-867f-3a2a6dcbd0c1')]",
            "type": "Microsoft.OperationalInsights/workspaces/providers/alertRules",
            "kind": "Scheduled",
            "properties": {
                "incidentConfiguration": {
                    "createIncident": true,
                    "groupingConfiguration": {
                        "enabled": false,
                        "reopenClosedIncident": false,
                        "lookbackDuration": "PT5H",
                        "matchingMethod": "AllEntities",
                    "groupByEntities": [],
                    "groupByAlertDetails": null,
                    "groupByCustomDetails": null
                }
            },
            "queryFrequency": "P1D",
            "queryPeriod": "P1D",
            "triggerOperator": "GreaterThan",
            "triggerThreshold": 0,
            "eventGroupingSettings": {
                "aggregationKind": "SingleAlert"
            },
            "severity": "Medium",
            "query": "let timeframe = 1d;\nOfficeActivity\n| where TimeGenerated >= ago(timeframe)\n| where UserType in~ (\"Admin\",\"DcAdmin\") \n// Only admin or global-admin can disable audit logging\n| where Operation =~ \"Set-AdminAuditLogConfig\" \n| extend AdminAuditLogEnabledValue = tostring(parse_json(tostring(parse_json(tostring(array_slice(parse_json(Parameters),3,3)))[0])).Value)\n| where AdminAuditLogEnabledValue =~ \"False\" \n| summarize StartTimeUtc = min(TimeGenerated), EndTimeUtc = max(TimeGenerated), OperationCount = count() by Operation, UserType, UserId, ClientIP, ResultStatus, Parameters, AdminAuditLogEnabledValue\n| extend timestamp = StartTimeUtc, AccountCustomEntity = UserId, IPCustomEntity = ClientIP",
            "suppressionDuration": "PT5H",
            "suppressionEnabled": false,
            "tactics": [
                "DefenseEvasion"
            ],
            "displayName": "Exchange AuditLog disabled",
            "enabled": true,
            "description": "Identifies when the exchange audit logging has been disabled which may be an adversary attempt\nto evade detection or avoid other defenses.",
            "alertRuleTemplateName": "194dd92e-d6e7-4249-85a5-273350a7f5ce"
        },
        "apiVersion": "2021-09-01-preview"
    }
]
}
