{
    "$schema": "https://schema.management.azure.com/schemas/2019-04-01/deploymentTemplate.json#",
    "contentVersion": "1.0.0.0",
    "parameters": {
        "workspace": {
            "type": "String"
        }
    },
    "resources": [
        {
            "id": "[concat(resourceId('Microsoft.OperationalInsights/workspaces/providers', parameters('workspace'), 'Microsoft.SecurityInsights'),'/alertRules/0331d84b-2bbc-41dc-ac4b-dbd53ec4bc75')]",
            "name": "[concat(parameters('workspace'),'/Microsoft.SecurityInsights/0331d84b-2bbc-41dc-ac4b-dbd53ec4bc75')]",
            "type": "Microsoft.OperationalInsights/workspaces/providers/alertRules",
            "kind": "Scheduled",
            "properties": {
                "incidentConfiguration": {
                    "createIncident": true,
                    "groupingConfiguration": {
                        "enabled": false,
                        "reopenClosedIncident": false,
                        "lookbackDuration": "PT5H",
                        "matchingMethod": "AllEntities",
                    "groupByEntities": [],
                    "groupByAlertDetails": null,
                    "groupByCustomDetails": null
                }
            },
            "queryFrequency": "PT5M",
            "queryPeriod": "PT5M",
            "triggerOperator": "GreaterThan",
            "triggerThreshold": 0,
            "eventGroupingSettings": {
                "aggregationKind": "SingleAlert"
            },
            "severity": "Medium",
            "query": "SigninLogs\n| where ResultType == 500121\n| where Status has \"MFA Denied; user declined the authentication\"\n| extend AccountCustomEntity = AlternateSignInName\n| extend IPCustomEntity = IPAddress\n| extend URLCustomEntity = ClientAppUsed",
            "suppressionDuration": "PT5H",
            "suppressionEnabled": false,
            "tactics": [
                "CredentialAccess"
            ],
            "displayName": "Explicit MFA Deny",
            "enabled": true,
            "description": "User explicitly denies MFA push, indicating that login was not expected and the account's password may be compromised.",
            "alertRuleTemplateName": "a22740ec-fc1e-4c91-8de6-c29c6450ad00"
        },
        "apiVersion": "2021-09-01-preview"
    }
]
}
