{
    "$schema": "https://schema.management.azure.com/schemas/2019-04-01/deploymentTemplate.json#",
    "contentVersion": "1.0.0.0",
    "parameters": {
        "workspace": {
            "type": "String"
        }
    },
    "resources": [
        {
            "id": "[concat(resourceId('Microsoft.OperationalInsights/workspaces/providers', parameters('workspace'), 'Microsoft.SecurityInsights'),'/alertRules/0c410ac3-bae3-434e-a00e-3a7482ec6aff')]",
            "name": "[concat(parameters('workspace'),'/Microsoft.SecurityInsights/0c410ac3-bae3-434e-a00e-3a7482ec6aff')]",
            "type": "Microsoft.OperationalInsights/workspaces/providers/alertRules",
            "kind": "Scheduled",
            "properties": {
                "incidentConfiguration": {
                    "createIncident": true,
                    "groupingConfiguration": {
                        "enabled": false,
                        "reopenClosedIncident": false,
                        "lookbackDuration": "PT5H",
                        "matchingMethod": "AllEntities",
                    "groupByEntities": [],
                    "groupByAlertDetails": null,
                    "groupByCustomDetails": null
                }
            },
            "queryFrequency": "P1D",
            "queryPeriod": "P7D",
            "triggerOperator": "GreaterThan",
            "triggerThreshold": 0,
            "eventGroupingSettings": {
                "aggregationKind": "SingleAlert"
            },
            "severity": "Low",
            "query": "let timeRange = 1d;\nlet lookBack = 7d;\nlet threshold_Failed = 5;\nlet threshold_FailedwithSingleIP = 20;\nlet threshold_IPAddressCount = 2;\nlet isGUID = \"[0-9a-z]{8}-[0-9a-z]{4}-[0-9a-z]{4}-[0-9a-z]{4}-[0-9a-z]{12}\";\nlet azPortalSignins = materialize(SigninLogs\n| where TimeGenerated >= ago(lookBack)\n// Azure Portal only\n| where AppDisplayName =~ \"Azure Portal\")\n;\nlet successPortalSignins = azPortalSignins\n| where TimeGenerated >= ago(timeRange)\n// Azure Portal only and exclude non-failure Result Types\n| where ResultType in (\"0\", \"50125\", \"50140\")\n// Tagging identities not resolved to friendly names\n//| extend Unresolved = iff(Identity matches regex isGUID, true, false)\n| distinct TimeGenerated, UserPrincipalName, Id, ResultType\n;\nlet failPortalSignins = azPortalSignins\n| where TimeGenerated >= ago(timeRange)\n// Azure Portal only and exclude non-failure Result Types\n| where ResultType !in (\"0\", \"50125\", \"50140\")\n// Tagging identities not resolved to friendly names\n| extend Unresolved = iff(Identity matches regex isGUID, true, false)\n;\n// Verify there is no success for the same connection attempt after the fail\nlet failnoSuccess = failPortalSignins | join kind= leftouter (\n   successPortalSignins \n) on UserPrincipalName, Id\n| where TimeGenerated > TimeGenerated1\n| project-away TimeGenerated1, UserPrincipalName1, Id1, ResultType1\n;\n// Lookup up resolved identities from last 7 days\nlet identityLookup = azPortalSignins\n| where TimeGenerated >= ago(lookBack)\n| where not(Identity matches regex isGUID)\n| summarize by UserId, lu_UserDisplayName = UserDisplayName, lu_UserPrincipalName = UserPrincipalName;\n// Join resolved names to unresolved list from portal signins\nlet unresolvedNames = failnoSuccess | where Unresolved == true | join kind= inner (\n   identityLookup \n) on UserId\n| extend UserDisplayName = lu_UserDisplayName, UserPrincipalName = lu_UserPrincipalName\n| project-away lu_UserDisplayName, lu_UserPrincipalName;\n// Join Signins that had resolved names with list of unresolved that now have a resolved name\nlet u_azPortalSignins = failnoSuccess | where Unresolved == false | union unresolvedNames;\nu_azPortalSignins\n| extend Status = strcat(ResultType, \": \", ResultDescription), OS = tostring(DeviceDetail.operatingSystem), Browser = tostring(DeviceDetail.browser)\n| extend FullLocation = strcat(Location,'|', LocationDetails.state, '|', LocationDetails.city)\n| summarize TimeGenerated = makelist(TimeGenerated), Status = makelist(Status), IPAddresses = makelist(IPAddress), IPAddressCount = dcount(IPAddress), FailedLogonCount = count()\nby UserPrincipalName, UserId, UserDisplayName, AppDisplayName, Browser, OS, FullLocation\n| mvexpand TimeGenerated, IPAddresses, Status\n| extend TimeGenerated = todatetime(tostring(TimeGenerated)), IPAddress = tostring(IPAddresses), Status = tostring(Status)\n| project-away IPAddresses\n| summarize StartTime = min(TimeGenerated), EndTime = max(TimeGenerated) by UserPrincipalName, UserId, UserDisplayName, Status, FailedLogonCount, IPAddress, IPAddressCount, AppDisplayName, Browser, OS, FullLocation\n| where (IPAddressCount >= threshold_IPAddressCount and FailedLogonCount >= threshold_Failed) or FailedLogonCount >= threshold_FailedwithSingleIP\n| extend timestamp = StartTime, AccountCustomEntity = UserPrincipalName, IPCustomEntity = IPAddress",
            "suppressionDuration": "PT5H",
            "suppressionEnabled": false,
            "tactics": [
                "CredentialAccess"
            ],
            "displayName": "Failed login attempts to Azure Portal",
            "enabled": true,
            "description": "Identifies failed login attempts in the Azure Active Directory SigninLogs to the Azure Portal.  Many failed logon \nattempts or some failed logon attempts from multiple IPs could indicate a potential brute force attack.  \nThe following are excluded due to success and non-failure results:\nReferences: https://docs.microsoft.com/azure/active-directory/reports-monitoring/reference-sign-ins-error-codes\n0 - successful logon\n50125 - Sign-in was interrupted due to a password reset or password registration entry.\n50140 - This error occurred due to 'Keep me signed in' interrupt when the user was signing-in.",
            "alertRuleTemplateName": "223db5c1-1bf8-47d8-8806-bed401b356a4"
        },
        "apiVersion": "2021-09-01-preview"
    }
]
}
