{
    "$schema": "https://schema.management.azure.com/schemas/2019-04-01/deploymentTemplate.json#",
    "contentVersion": "1.0.0.0",
    "parameters": {
        "workspace": {
            "type": "String"
        }
    },
    "resources": [
        {
            "id": "[concat(resourceId('Microsoft.OperationalInsights/workspaces/providers', parameters('workspace'), 'Microsoft.SecurityInsights'),'/alertRules/8a162f4a-2b66-41b3-b542-8f555f68a857')]",
            "name": "[concat(parameters('workspace'),'/Microsoft.SecurityInsights/8a162f4a-2b66-41b3-b542-8f555f68a857')]",
            "type": "Microsoft.OperationalInsights/workspaces/providers/alertRules",
            "kind": "Scheduled",
            "properties": {
                "incidentConfiguration": {
                    "createIncident": true,
                    "groupingConfiguration": {
                        "enabled": false,
                        "reopenClosedIncident": false,
                        "lookbackDuration": "PT5H",
                        "matchingMethod": "AllEntities",
                    "groupByEntities": [],
                "groupByAlertDetails": [],
            "groupByCustomDetails": []
        }
    },
    "entityMappings": [
        {
            "entityType": "Account",
            "fieldMappings": [
                {
                    "identifier": "FullName",
                    "columnName": "AccountCustomEntity"
                }
            ]
        },
        {
            "entityType": "IP",
            "fieldMappings": [
                {
                    "identifier": "Address",
                    "columnName": "IPCustomEntity"
                }
            ]
        }
    ],
    "queryFrequency": "PT5M",
    "queryPeriod": "PT5M",
    "triggerOperator": "GreaterThan",
    "triggerThreshold": 0,
    "eventGroupingSettings": {
        "aggregationKind": "SingleAlert"
    },
    "severity": "Medium",
    "query": "//Adjust this threshold to fit your environment\nlet signin_threshold = 5; \n//Make a list of IPs with AAD signin failures above our threshold\nlet aadFunc = (tableName:string){\nlet Suspicious_signins = \ntable(tableName)\n| where ResultType !in (\"0\", \"50125\", \"50140\")\n| where IPAddress !in (\"127.0.0.1\", \"::1\")\n| summarize count() by IPAddress\n| where count_ >  signin_threshold\n| summarize make_set(IPAddress);\nSuspicious_signins\n};\nlet aadSignin = aadFunc(\"SigninLogs\");\nlet aadNonInt = aadFunc(\"AADNonInteractiveUserSignInLogs\");\nlet Suspicious_signins = \nunion isfuzzy=true aadSignin, aadNonInt\n| summarize make_set(set_IPAddress);\n//See if any of those IPs have sucessfully logged into the AWS console\nAWSCloudTrail\n| where EventName =~ \"ConsoleLogin\"\n| extend LoginResult = tostring(parse_json(ResponseElements).ConsoleLogin) \n| where LoginResult =~ \"Success\"\n| where SourceIpAddress in (Suspicious_signins)\n| extend Reason = \"Multiple failed AAD logins from IP address\"\n| extend MFAUsed = tostring(parse_json(AdditionalEventData).MFAUsed)\n| extend User = iif(isempty(UserIdentityUserName), UserIdentityType, UserIdentityUserName) \n| summarize StartTimeUtc = min(TimeGenerated), EndTimeUtc = max(TimeGenerated) by Reason, LoginResult, EventTypeName, UserIdentityType, User, AWSRegion, SourceIpAddress, UserAgent, MFAUsed\n| extend timestamp = StartTimeUtc, AccountCustomEntity = User, IPCustomEntity = SourceIpAddress",
    "suppressionDuration": "PT5H",
    "suppressionEnabled": false,
    "tactics": [
        "InitialAccess",
        "CredentialAccess"
    ],
    "displayName": "Failed AzureAD logons but success logon to AWS Console",
    "enabled": true,
    "description": "Identifies a list of IP addresses with a minimum number(defualt of 5) of failed logon attempts to Azure Active Directory.\nUses that list to identify any successful AWS Console logons from these IPs within the same timeframe.",
    "alertRuleTemplateName": "643c2025-9604-47c5-833f-7b4b9378a1f5"
},
"apiVersion": "2021-09-01-preview"
}
]
}
