{
    "$schema": "https://schema.management.azure.com/schemas/2019-04-01/deploymentTemplate.json#",
    "contentVersion": "1.0.0.0",
    "parameters": {
        "workspace": {
            "type": "String"
        }
    },
    "resources": [
        {
            "id": "[concat(resourceId('Microsoft.OperationalInsights/workspaces/providers', parameters('workspace'), 'Microsoft.SecurityInsights'),'/alertRules/63a44341-0e3a-4065-9118-ddad64eac70d')]",
            "name": "[concat(parameters('workspace'),'/Microsoft.SecurityInsights/63a44341-0e3a-4065-9118-ddad64eac70d')]",
            "type": "Microsoft.OperationalInsights/workspaces/providers/alertRules",
            "kind": "Scheduled",
            "properties": {
                "incidentConfiguration": {
                    "createIncident": true,
                    "groupingConfiguration": {
                        "enabled": false,
                        "reopenClosedIncident": false,
                        "lookbackDuration": "PT5H",
                        "matchingMethod": "AllEntities",
                    "groupByEntities": [],
                    "groupByAlertDetails": null,
                    "groupByCustomDetails": null
                }
            },
            "queryFrequency": "P1D",
            "queryPeriod": "P1D",
            "triggerOperator": "GreaterThan",
            "triggerThreshold": 0,
            "eventGroupingSettings": {
                "aggregationKind": "SingleAlert"
            },
            "severity": "Medium",
            "query": "let startdate = 1d;\nlet threshold = 15;\n// Below pulls messages from syslog-authpriv logs where there was an authentication failure with an unknown user.\n// IP address of system attempting logon is also extracted from the SyslogMessage field. Some of these messages\n// are aggregated.\nlet authfail = Syslog\n| where TimeGenerated >= ago(startdate)     \n| where Facility =~ \"authpriv\"   // looks at authpriv messages\n| where SyslogMessage contains \"authentication failure\" and SyslogMessage contains \" uid=0\"\n| parse SyslogMessage with * \"rhost=\" ExternalIP\n| project TimeGenerated, Computer, ProcessName, HostIP, ExternalIP, ProcessID;  \n// Below pulls messages from syslog-authpriv logs that show each instance an unknown user tried to logon. \nlet userfail = Syslog \n| where TimeGenerated >= ago(startdate)\n| where Facility =~ \"authpriv\" \n| where SyslogMessage contains \"user unknown\"\n| project TimeGenerated, Computer, HostIP, ProcessID;\n// Join the two log messages above\nlet userauthfail = authfail | join (userfail) on Computer, HostIP, ProcessID\n| project TimeGenerated, Computer, HostIP, ExternalIP, ProcessID ;\n// Extract the EventTime of the first logon attempt\nlet firstfail = userauthfail\n| summarize arg_min(TimeGenerated, *) by Computer, ExternalIP\n| project Computer, ExternalIP, FirstLogonAttempt = TimeGenerated;\n// Extract the EventTime of the last logon attempt\nlet lastfail = userauthfail\n| summarize arg_max(TimeGenerated, *) by Computer, ExternalIP\n| project Computer, ExternalIP, LatestLogonAttempt = TimeGenerated;\n// Join first and last logon attempt data and calculate the time between them (AttemptPeriodLength).\nlet faildates = firstfail | join (lastfail) on Computer, ExternalIP\n| project ExternalIP, Computer, FirstLogonAttempt, LatestLogonAttempt, TimeBetweenLogonAttempts = LatestLogonAttempt - FirstLogonAttempt;\n// Count the number of failed logon attempts by External IP and internal machine\nlet totalfails = userauthfail\n| summarize StartTimeUtc = min(TimeGenerated), EndTimeUtc = max(TimeGenerated), TotalLogonAttempts = count() by ExternalIP, Computer, HostIP\n| project StartTimeUtc, EndTimeUtc, ExternalIP, Computer, HostIP, TotalLogonAttempts;\n// Combine total attempts with timing data from above\nlet finalfails = totalfails | join (faildates) on Computer, ExternalIP\n| project StartTimeUtc, EndTimeUtc, SourceAddress = ExternalIP, DestinationHost = Computer, DestinationIP = HostIP, TotalLogonAttempts, FirstLogonAttempt, LatestLogonAttempt, TimeBetweenLogonAttempts\n| order by DestinationHost asc nulls last;\nfinalfails \n| where TotalLogonAttempts >= threshold\n| extend timestamp = StartTimeUtc, HostCustomEntity = DestinationHost, IPCustomEntity = DestinationIP",
            "suppressionDuration": "PT5H",
            "suppressionEnabled": false,
            "tactics": [
                "CredentialAccess"
            ],
            "displayName": "Failed logon attempts in authpriv",
            "enabled": true,
            "description": "Identifies failed logon attempts from unknown users in Syslog authpriv logs. The unknown user means the account that tried to log in \nisn't provisioned on the machine. A few hits could indicate someone attempting to access a machine they aren't authorized to access. \nIf there are many of hits, especially from outside your network, it could indicate a brute force attack. \nDefault threshold for logon attempts is 15.",
            "alertRuleTemplateName": "e7ec9fa6-e7f7-41ed-a34b-b956837a3ee6"
        },
        "apiVersion": "2021-09-01-preview"
    }
]
}
