{
    "$schema": "https://schema.management.azure.com/schemas/2019-04-01/deploymentTemplate.json#",
    "contentVersion": "1.0.0.0",
    "parameters": {
        "workspace": {
            "type": "String"
        }
    },
    "resources": [
        {
            "id": "[concat(resourceId('Microsoft.OperationalInsights/workspaces/providers', parameters('workspace'), 'Microsoft.SecurityInsights'),'/alertRules/1d78ba8c-495f-4773-bebb-af5e4fd7ee29')]",
            "name": "[concat(parameters('workspace'),'/Microsoft.SecurityInsights/1d78ba8c-495f-4773-bebb-af5e4fd7ee29')]",
            "type": "Microsoft.OperationalInsights/workspaces/providers/alertRules",
            "kind": "Scheduled",
            "properties": {
                "incidentConfiguration": {
                    "createIncident": true,
                    "groupingConfiguration": {
                        "enabled": false,
                        "reopenClosedIncident": false,
                        "lookbackDuration": "PT5H",
                        "matchingMethod": "AllEntities",
                    "groupByEntities": [],
                    "groupByAlertDetails": null,
                    "groupByCustomDetails": null
                }
            },
            "queryFrequency": "P1D",
            "queryPeriod": "P1D",
            "triggerOperator": "GreaterThan",
            "triggerThreshold": 0,
            "eventGroupingSettings": {
                "aggregationKind": "SingleAlert"
            },
            "severity": "Medium",
            "query": "let timeframe = 1d;\n//Adjust this threshold to fit the environment\nlet signin_threshold = 5;\n//Make a list of all IPs with failed signins to AAD above our threshold\nlet suspicious_signins =\nSigninLogs\n| where TimeGenerated >= ago(timeframe)\n| where ResultType !in (\"0\", \"50125\", \"50140\")\n| where IPAddress != \"127.0.0.1\"\n| summarize count() by IPAddress\n| where count_ > signin_threshold\n| summarize make_list(IPAddress);\n//See if any of these IPs have sucessfully logged into *nix hosts\nlet linux_logons =\nSyslog\n| where TimeGenerated >= ago(timeframe)\n| where Facility contains \"auth\" and ProcessName != \"sudo\"\n| where SyslogMessage has \"Accepted\"\n| extend SourceIP = extract(\"(([0-9]{1,3})\\\\.([0-9]{1,3})\\\\.([0-9]{1,3})\\\\.(([0-9]{1,3})))\",1,SyslogMessage)\n| where SourceIP in (suspicious_signins)\n| extend Reason = \"Multiple failed AAD logins from IP address\"\n| project TimeGenerated, Computer, HostIP, IpAddress = SourceIP, SyslogMessage, Facility, ProcessName, Reason;\n//See if any of these IPs have sucessfully logged into Windows hosts\nlet win_logons =\nSecurityEvent\n| where TimeGenerated >= ago(timeframe)\n| where EventID == 4624\n| where LogonType in (10, 7, 3)\n| where IpAddress != \"-\"\n| where IpAddress in (suspicious_signins)\n| extend Reason = \"Multiple failed AAD logins from IP address\"\n| project TimeGenerated, Account, AccountType, Computer, Activity, EventID, LogonProcessName, IpAddress, LogonTypeName, TargetUserSid, Reason;\nunion isfuzzy=true linux_logons,win_logons\n| extend timestamp = TimeGenerated, AccountCustomEntity = Account, IPCustomEntity = IpAddress, HostCustomEntity = Computer",
            "suppressionDuration": "PT5H",
            "suppressionEnabled": false,
            "tactics": [
                "InitialAccess",
                "CredentialAccess"
            ],
            "displayName": "Failed AzureAD logons but success logon to host",
            "enabled": true,
            "description": "Identifies a list of IP addresses with a minimum number (default of 5) of failed logon attempts to Azure Active Directory.\nUses that list to identify any successful remote logons to hosts from these IPs within the same timeframe.",
            "alertRuleTemplateName": "8ee967a2-a645-4832-85f4-72b635bcb3a6"
        },
        "apiVersion": "2021-09-01-preview"
    }
]
}
