{
    "$schema": "https://schema.management.azure.com/schemas/2019-04-01/deploymentTemplate.json#",
    "contentVersion": "1.0.0.0",
    "parameters": {
        "workspace": {
            "type": "String"
        }
    },
    "resources": [
        {
            "id": "[concat(resourceId('Microsoft.OperationalInsights/workspaces/providers', parameters('workspace'), 'Microsoft.SecurityInsights'),'/alertRules/5d425a21-3010-4645-a52b-3fbb5818fb05')]",
            "name": "[concat(parameters('workspace'),'/Microsoft.SecurityInsights/5d425a21-3010-4645-a52b-3fbb5818fb05')]",
            "type": "Microsoft.OperationalInsights/workspaces/providers/alertRules",
            "kind": "Scheduled",
            "properties": {
                "incidentConfiguration": {
                    "createIncident": true,
                    "groupingConfiguration": {
                        "enabled": false,
                        "reopenClosedIncident": false,
                        "lookbackDuration": "PT5H",
                        "matchingMethod": "AllEntities",
                    "groupByEntities": [],
                    "groupByAlertDetails": null,
                    "groupByCustomDetails": null
                }
            },
            "queryFrequency": "P1D",
            "queryPeriod": "P1D",
            "triggerOperator": "GreaterThan",
            "triggerThreshold": 0,
            "eventGroupingSettings": {
                "aggregationKind": "SingleAlert"
            },
            "severity": "Medium",
            "query": "let timeframe = 1d;\n//Adjust this threshold to fit environment\nlet signin_threshold = 5; \n//Make a list of IPs with failed Windows host logins above threshold\nlet win_fails = \nSecurityEvent\n| where TimeGenerated >= ago(timeframe)\n| where EventID == 4625\n| where LogonType in (10, 7, 3)\n| where IpAddress != \"-\"\n| summarize count() by IpAddress\n| where count_ > signin_threshold\n| summarize make_list(IpAddress);\n//Make a list of IPs with failed *nix host logins above threshold\nlet nix_fails = \nSyslog\n| where TimeGenerated > ago(timeframe)\n| where Facility contains 'auth' and ProcessName != 'sudo'\n| extend SourceIP = extract(\"(([0-9]{1,3})\\\\.([0-9]{1,3})\\\\.([0-9]{1,3})\\\\.(([0-9]{1,3})))\",1,SyslogMessage)\n| where SourceIP != \"\" and SourceIP != \"127.0.0.1\"\n| summarize count() by SourceIP\n| where count_ > signin_threshold\n| summarize make_list(SourceIP);\n//See if any of the IPs with failed host logins hve had a sucessful Azure AD login\nSigninLogs\n| where TimeGenerated > ago(timeframe)\n| where ResultType !in (\"0\", \"50125\", \"50140\")\n| where IPAddress in (win_fails) or IPAddress in (nix_fails)\n| extend Reason=  \"Multiple failed host logins from IP address with successful Azure AD login\"\n| extend timstamp = TimeGenerated, AccountCustomEntity = UserPrincipalName, IPCustomEntity = IPAddress",
            "suppressionDuration": "PT5H",
            "suppressionEnabled": false,
            "tactics": [
                "InitialAccess",
                "CredentialAccess"
            ],
            "displayName": "Failed host logons but success logon to AzureAD",
            "enabled": true,
            "description": "Identifies a list of IP addresses with a minimum number(default of 5) of failed logon attempts to remote hosts.\nUses that list to identify any successful logons to Azure Active Directory from these IPs within the same timeframe.",
            "alertRuleTemplateName": "1ce5e766-26ab-4616-b7c8-3b33ae321e80"
        },
        "apiVersion": "2021-09-01-preview"
    }
]
}
