{
    "$schema": "https://schema.management.azure.com/schemas/2019-04-01/deploymentTemplate.json#",
    "contentVersion": "1.0.0.0",
    "parameters": {
        "workspace": {
            "type": "String"
        }
    },
    "resources": [
        {
            "id": "[concat(resourceId('Microsoft.OperationalInsights/workspaces/providers', parameters('workspace'), 'Microsoft.SecurityInsights'),'/alertRules/b2e67e63-aec5-45c0-9001-7310ddb7cfec')]",
            "name": "[concat(parameters('workspace'),'/Microsoft.SecurityInsights/b2e67e63-aec5-45c0-9001-7310ddb7cfec')]",
            "type": "Microsoft.OperationalInsights/workspaces/providers/alertRules",
            "kind": "Scheduled",
            "properties": {
                "incidentConfiguration": {
                    "createIncident": true,
                    "groupingConfiguration": {
                        "enabled": false,
                        "reopenClosedIncident": false,
                        "lookbackDuration": "PT5H",
                        "matchingMethod": "AllEntities",
                    "groupByEntities": [],
                "groupByAlertDetails": [],
            "groupByCustomDetails": []
        }
    },
    "entityMappings": [
        {
            "entityType": "Account",
            "fieldMappings": [
                {
                    "identifier": "FullName",
                    "columnName": "AccountCustomEntity"
                }
            ]
        },
        {
            "entityType": "Host",
            "fieldMappings": [
                {
                    "identifier": "FullName",
                    "columnName": "HostCustomEntity"
                }
            ]
        }
    ],
    "queryFrequency": "PT5M",
    "queryPeriod": "PT5M",
    "triggerOperator": "GreaterThan",
    "triggerThreshold": 0,
    "eventGroupingSettings": {
        "aggregationKind": "SingleAlert"
    },
    "severity": "Medium",
    "query": "let timeframe = 1d;\n// Adjust for a longer timeframe for identifying ADFS Servers\nlet lookback = 6d;\n// Identify ADFS Servers\nlet ADFS_Servers = (\nSecurityEvent\n| where TimeGenerated > ago(timeframe+lookback)\n| where EventID == 4688 and SubjectLogonId != \"0x3e4\"\n| where ProcessName has \"Microsoft.IdentityServer.ServiceHost.exe\"\n| distinct Computer\n);\nSecurityEvent\n| where TimeGenerated > ago(timeframe)\n| where Computer in~ (ADFS_Servers)\n| where Account !endswith \"$\"\n// Check for scheduled task events\n| where EventID in (4697, 4698, 4699, 4700, 4701, 4702)\n| extend EventDataParsed = parse_xml(EventData)\n| extend SubjectLogonId = tostring(EventDataParsed.EventData.Data[3][\"#text\"])\n// Check specifically for access to IPC$ share and PIPE\\svcctl and PIPE\\atsvc for Service Control Services and Schedule Control Services\n| union ( \n    SecurityEvent\n    | where TimeGenerated > ago(timeframe)\n    | where Computer in~ (ADFS_Servers)\n    | where Account !endswith \"$\"\n    | where EventID == 5145\n    | where RelativeTargetName =~ \"svcctl\" or RelativeTargetName  =~ \"atsvc\"\n)\n// Check for lateral movement\n| join kind=inner\n(SecurityEvent\n| where TimeGenerated > ago(timeframe)\n| where Account !endswith \"$\"\n| where EventID == 4624 and LogonType == 3\n) on $left.SubjectLogonId == $right.TargetLogonId\n| project TimeGenerated, Account, Computer, EventID, RelativeTargetName\n| extend timestamp = TimeGenerated, HostCustomEntity = Computer, AccountCustomEntity = Account",
    "suppressionDuration": "PT5H",
    "suppressionEnabled": false,
    "tactics": [
        "LateralMovement"
    ],
    "displayName": "Gain Code Execution on ADFS Server via SMB + Remote Service or Scheduled Task",
    "enabled": true,
    "description": "This query detects instances where an attacker has gained the ability to execute code on an ADFS Server through SMB and Remote Service or Scheduled Task.",
    "alertRuleTemplateName": "12dcea64-bec2-41c9-9df2-9f28461b1295"
},
"apiVersion": "2021-09-01-preview"
}
]
}
