{
    "$schema": "https://schema.management.azure.com/schemas/2019-04-01/deploymentTemplate.json#",
    "contentVersion": "1.0.0.0",
    "parameters": {
        "workspace": {
            "type": "String"
        }
    },
    "resources": [
        {
            "id": "[concat(resourceId('Microsoft.OperationalInsights/workspaces/providers', parameters('workspace'), 'Microsoft.SecurityInsights'),'/alertRules/7ecce5fc-eb34-45fd-960b-0c94ce6077e0')]",
            "name": "[concat(parameters('workspace'),'/Microsoft.SecurityInsights/7ecce5fc-eb34-45fd-960b-0c94ce6077e0')]",
            "type": "Microsoft.OperationalInsights/workspaces/providers/alertRules",
            "kind": "Scheduled",
            "properties": {
                "incidentConfiguration": {
                    "createIncident": true,
                    "groupingConfiguration": {
                        "enabled": false,
                        "reopenClosedIncident": false,
                        "lookbackDuration": "PT5H",
                        "matchingMethod": "AllEntities",
                    "groupByEntities": [],
                "groupByAlertDetails": [],
            "groupByCustomDetails": []
        }
    },
    "entityMappings": [
        {
            "entityType": "Account",
            "fieldMappings": [
                {
                    "identifier": "FullName",
                    "columnName": "AccountCustomEntity"
                }
            ]
        },
        {
            "entityType": "Host",
            "fieldMappings": [
                {
                    "identifier": "FullName",
                    "columnName": "HostCustomEntity"
                }
            ]
        },
        {
            "entityType": "IP",
            "fieldMappings": [
                {
                    "identifier": "Address",
                    "columnName": "IPCustomEntity"
                }
            ]
        }
    ],
    "queryFrequency": "PT5M",
    "queryPeriod": "PT5M",
    "triggerOperator": "GreaterThan",
    "triggerThreshold": 0,
    "eventGroupingSettings": {
        "aggregationKind": "SingleAlert"
    },
    "severity": "Medium",
    "query": "let lookback = 14d;\nlet timeframe = 1d;\nSecurityEvent\n| where TimeGenerated > ago(lookback) and TimeGenerated < ago(timeframe)\n| where EventID == 4688\n| where ParentProcessName has_any (\"umworkerprocess.exe\", \"UMService.exe\")\n| join kind=rightanti (\nSecurityEvent\n| where TimeGenerated > ago(timeframe)\n| where ParentProcessName has_any (\"umworkerprocess.exe\", \"UMService.exe\")\n| where EventID == 4688) on NewProcessName\n| extend timestamp = TimeGenerated, AccountCustomEntity = Account, HostCustomEntity = Computer, IPCustomEntity = IpAddress",
    "suppressionDuration": "PT5H",
    "suppressionEnabled": false,
    "tactics": [
        "InitialAccess"
    ],
    "displayName": "HAFNIUM New UM Service Child Process",
    "enabled": true,
    "description": "This query looks for new processes being spawned by the Exchange UM service where that process has not previously been observed before. \nReference: https://www.microsoft.com/security/blog/2021/03/02/hafnium-targeting-exchange-servers/",
    "alertRuleTemplateName": "95a15f39-d9cc-4667-8cdd-58f3113691c9"
},
"apiVersion": "2021-09-01-preview"
}
]
}
