{
    "$schema": "https://schema.management.azure.com/schemas/2019-04-01/deploymentTemplate.json#",
    "contentVersion": "1.0.0.0",
    "parameters": {
        "workspace": {
            "type": "String"
        }
    },
    "resources": [
        {
            "id": "[concat(resourceId('Microsoft.OperationalInsights/workspaces/providers', parameters('workspace'), 'Microsoft.SecurityInsights'),'/alertRules/1fccef56-0ac1-45cc-a6cd-148238ab09e5')]",
            "name": "[concat(parameters('workspace'),'/Microsoft.SecurityInsights/1fccef56-0ac1-45cc-a6cd-148238ab09e5')]",
            "type": "Microsoft.OperationalInsights/workspaces/providers/alertRules",
            "kind": "Scheduled",
            "properties": {
                "incidentConfiguration": {
                    "createIncident": true,
                    "groupingConfiguration": {
                        "enabled": false,
                        "reopenClosedIncident": false,
                        "lookbackDuration": "PT5H",
                        "matchingMethod": "AllEntities",
                    "groupByEntities": [],
                "groupByAlertDetails": [],
            "groupByCustomDetails": []
        }
    },
    "entityMappings": [
        {
            "entityType": "Account",
            "fieldMappings": [
                {
                    "identifier": "FullName",
                    "columnName": "InitiatingProcessAccountUpn"
                }
            ]
        },
        {
            "entityType": "Account",
            "fieldMappings": [
                {
                    "identifier": "FullName",
                    "columnName": "AccountCustomEntity"
                }
            ]
        },
        {
            "entityType": "Host",
            "fieldMappings": [
                {
                    "identifier": "FullName",
                    "columnName": "HostCustomEntity"
                }
            ]
        },
        {
            "entityType": "Host",
            "fieldMappings": [
                {
                    "identifier": "FullName",
                    "columnName": "DeviceName"
                }
            ]
        },
        {
            "entityType": "IP",
            "fieldMappings": [
                {
                    "identifier": "Address",
                    "columnName": "IPCustomEntity"
                }
            ]
        }
    ],
    "queryFrequency": "PT5M",
    "queryPeriod": "PT5M",
    "triggerOperator": "GreaterThan",
    "triggerThreshold": 0,
    "eventGroupingSettings": {
        "aggregationKind": "SingleAlert"
    },
    "severity": "High",
    "query": "let scriptExtensions = dynamic([\".php\", \".jsp\", \".js\", \".aspx\", \".asmx\", \".asax\", \".cfm\", \".shtml\"]);\nunion isfuzzy=true\n(SecurityEvent\n| where EventID == 4663\n| where Process has_any (\"umworkerprocess.exe\", \"UMService.exe\")\n| where ObjectName has_any (scriptExtensions)\n| where AccessMask in ('0x2','0x100', '0x10', '0x4')\n| extend timestamp = TimeGenerated, AccountCustomEntity = Account, HostCustomEntity = Computer, IPCustomEntity = IpAddress\n),\n(imFileEvent\n| where EventType == \"FileCreated\"\n| where ActingProcessName has_any (\"umworkerprocess.exe\", \"UMService.exe\")\n  and\n  TargetFileName has_any (scriptExtensions)\n| extend timestamp = TimeGenerated, AccountCustomEntity = ActorUsername, HostCustomEntity = DvcHostname\n),\n(DeviceFileEvents\n| where ActionType =~ \"FileCreated\"\n| where InitiatingProcessFileName has_any (\"umworkerprocess.exe\", \"UMService.exe\")\n| where FileName has_any(scriptExtensions)\n| extend timestamp = TimeGenerated, AccountCustomEntity = InitiatingProcessAccountUpn, HostCustomEntity = DeviceName, IPCustomEntity = RequestSourceIP)",
    "suppressionDuration": "PT5H",
    "suppressionEnabled": false,
    "tactics": [
        "InitialAccess"
    ],
    "displayName": "HAFNIUM UM Service writing suspicious file",
    "enabled": true,
    "description": "This query looks for the Exchange server UM process writing suspicious files that may be indicative of webshells.\nReference: https://www.microsoft.com/security/blog/2021/03/02/hafnium-targeting-exchange-servers/",
    "alertRuleTemplateName": "7d6d8a8e-b08a-4082-8dbb-d7fd2cbbc35e"
},
"apiVersion": "2021-09-01-preview"
}
]
}
