{
    "$schema": "https://schema.management.azure.com/schemas/2019-04-01/deploymentTemplate.json#",
    "contentVersion": "1.0.0.0",
    "parameters": {
        "workspace": {
            "type": "String"
        }
    },
    "resources": [
        {
            "id": "[concat(resourceId('Microsoft.OperationalInsights/workspaces/providers', parameters('workspace'), 'Microsoft.SecurityInsights'),'/alertRules/9689359e-ddeb-4c00-aedc-e20f8e707552')]",
            "name": "[concat(parameters('workspace'),'/Microsoft.SecurityInsights/9689359e-ddeb-4c00-aedc-e20f8e707552')]",
            "type": "Microsoft.OperationalInsights/workspaces/providers/alertRules",
            "kind": "Scheduled",
            "properties": {
                "incidentConfiguration": {
                    "createIncident": true,
                    "groupingConfiguration": {
                        "enabled": false,
                        "reopenClosedIncident": false,
                        "lookbackDuration": "PT5H",
                        "matchingMethod": "AllEntities",
                    "groupByEntities": [],
                    "groupByAlertDetails": null,
                    "groupByCustomDetails": null
                }
            },
            "queryFrequency": "P1D",
            "queryPeriod": "P1D",
            "triggerOperator": "GreaterThan",
            "triggerThreshold": 0,
            "eventGroupingSettings": {
                "aggregationKind": "SingleAlert"
            },
            "severity": "High",
            "query": "let timeframe = 1d;\nlet IPList = dynamic([\"154.223.45.38\",\"185.141.207.140\",\"185.234.73.19\",\"216.245.210.106\",\"51.91.48.210\",\"46.255.230.229\"]);\n(union isfuzzy=true\n(CommonSecurityLog\n| where TimeGenerated >= ago(timeframe) \n| where isnotempty(SourceIP) or isnotempty(DestinationIP)\n| where SourceIP in (IPList) or DestinationIP in (IPList) or Message has_any (IPList)\n| extend IPMatch = case(SourceIP in (IPList), \"SourceIP\", DestinationIP in (IPList), \"DestinationIP\", \"Message\") \n| summarize StartTimeUtc = min(TimeGenerated), EndTimeUtc = max(TimeGenerated) by SourceIP, DestinationIP, DeviceProduct, DeviceAction, Message, Protocol, SourcePort, DestinationPort, DeviceAddress, DeviceName, IPMatch\n| extend timestamp = StartTimeUtc, IPCustomEntity = case(IPMatch == \"SourceIP\", SourceIP, IPMatch == \"DestinationIP\", DestinationIP, \"IP in Message Field\") \n),\n(OfficeActivity\n| where TimeGenerated >= ago(timeframe) \n|extend SourceIPAddress = ClientIP, Account = UserId\n| where  SourceIPAddress in (IPList)\n| extend timestamp = TimeGenerated , IPCustomEntity = SourceIPAddress , AccountCustomEntity = Account\n),\n(DnsEvents \n| where TimeGenerated >= ago(timeframe) \n| extend DestinationIPAddress = IPAddresses,  Host = Computer\n| where  DestinationIPAddress has_any (IPList) \n| extend timestamp = TimeGenerated, IPCustomEntity = DestinationIPAddress, HostCustomEntity = Host\n),\n(VMConnection \n| where TimeGenerated >= ago(timeframe) \n| where isnotempty(SourceIp) or isnotempty(DestinationIp) \n| where SourceIp in (IPList) or DestinationIp in (IPList) \n| extend IPMatch = case( SourceIp in (IPList), \"SourceIP\", DestinationIp in (IPList), \"DestinationIP\", \"None\") \n| extend timestamp = TimeGenerated , IPCustomEntity = case(IPMatch == \"SourceIP\", SourceIp, IPMatch == \"DestinationIP\", DestinationIp, \"None\"), Host = Computer\n),\n(Event\n| where TimeGenerated >= ago(timeframe)\n| where Source == \"Microsoft-Windows-Sysmon\"\n| where EventID == 3\n| extend EvData = parse_xml(EventData)\n| extend EventDetail = EvData.DataItem.EventData.Data\n| extend SourceIP = EventDetail.[9].[\"#text\"], DestinationIP = EventDetail.[14].[\"#text\"]\n| where SourceIP in (IPList) or DestinationIP in (IPList) \n| extend IPMatch = case( SourceIP in (IPList), \"SourceIP\", DestinationIP in (IPList), \"DestinationIP\", \"None\") \n| extend timestamp = TimeGenerated, AccountCustomEntity = UserName, HostCustomEntity = Computer , IPCustomEntity = case(IPMatch == \"SourceIP\", SourceIP, IPMatch == \"DestinationIP\", DestinationIP, \"None\")\n), \n(WireData \n| where TimeGenerated >= ago(timeframe)\n| where isnotempty(RemoteIP)\n| where RemoteIP in (IPList)\n| extend timestamp = TimeGenerated, IPCustomEntity = RemoteIP, HostCustomEntity = Computer\n),\n(SigninLogs\n| where TimeGenerated >= ago(timeframe)\n| where isnotempty(IPAddress)\n| where IPAddress in (IPList)\n| extend timestamp = TimeGenerated, AccountCustomEntity = UserPrincipalName, IPCustomEntity = IPAddress\n),\n(W3CIISLog \n| where TimeGenerated >= ago(timeframe)\n| where isnotempty(cIP)\n| where cIP in (IPList)\n| extend timestamp = TimeGenerated, IPCustomEntity = cIP, HostCustomEntity = Computer, AccountCustomEntity = csUserName\n),\n(AzureActivity \n| where TimeGenerated >= ago(timeframe)\n| where isnotempty(CallerIpAddress)\n| where CallerIpAddress in (IPList)\n| extend timestamp = TimeGenerated, IPCustomEntity = CallerIpAddress, AccountCustomEntity = Caller\n),\n(\nAWSCloudTrail\n| where TimeGenerated >= ago(timeframe)\n| where isnotempty(SourceIpAddress)\n| where SourceIpAddress in (IPList)\n| extend timestamp = TimeGenerated, IPCustomEntity = SourceIpAddress, AccountCustomEntity = UserIdentityUserName\n)\n)",
            "suppressionDuration": "PT5H",
            "suppressionEnabled": false,
            "tactics": [
                "CommandAndControl"
            ],
            "displayName": "Known IRIDIUM IP",
            "enabled": true,
            "description": "IRIDIUM command and control IP. Identifies a match across various data feeds for IP IOCs related to the IRIDIUM activity group.",
            "alertRuleTemplateName": "7ee72a9e-2e54-459c-bc8a-8c08a6532a63"
        },
        "apiVersion": "2021-09-01-preview"
    }
]
}
