{
    "$schema": "https://schema.management.azure.com/schemas/2019-04-01/deploymentTemplate.json#",
    "contentVersion": "1.0.0.0",
    "parameters": {
        "workspace": {
            "type": "String"
        }
    },
    "resources": [
        {
            "id": "[concat(resourceId('Microsoft.OperationalInsights/workspaces/providers', parameters('workspace'), 'Microsoft.SecurityInsights'),'/alertRules/a5c5c6cc-854d-4b67-92bc-6542f2e3c3ee')]",
            "name": "[concat(parameters('workspace'),'/Microsoft.SecurityInsights/a5c5c6cc-854d-4b67-92bc-6542f2e3c3ee')]",
            "type": "Microsoft.OperationalInsights/workspaces/providers/alertRules",
            "kind": "Scheduled",
            "properties": {
                "incidentConfiguration": {
                    "createIncident": true,
                    "groupingConfiguration": {
                        "enabled": false,
                        "reopenClosedIncident": false,
                        "lookbackDuration": "PT5H",
                        "matchingMethod": "AllEntities",
                    "groupByEntities": [],
                    "groupByAlertDetails": null,
                    "groupByCustomDetails": null
                }
            },
            "queryFrequency": "P1D",
            "queryPeriod": "P1D",
            "triggerOperator": "GreaterThan",
            "triggerThreshold": 0,
            "eventGroupingSettings": {
                "aggregationKind": "SingleAlert"
            },
            "severity": "High",
            "query": "let timeframe = 1d;\nlet DomainNames = dynamic([\"de-ma.online\", \"g20saudi.000webhostapp.com\", \"ksat20.000webhostapp.com\"]);\nlet EmailAddresses = dynamic([\"munichconference1962@gmail.com\",\"munichconference@outlook.de\", \"munichconference@outlook.com\", \"t20saudiarabia@gmail.com\", \"t20saudiarabia@hotmail.com\", \"t20saudiarabia@outlook.sa\"]);\n(union isfuzzy=true\n(CommonSecurityLog \n| where TimeGenerated >= ago(timeframe)\n| parse Message with * '(' DNSName ')' * \n| extend MessageIP = extract(IPRegex, 0, Message)\n| extend RequestURLIP = extract(IPRegex, 0, Message)\n| where (isnotempty(DNSName) and DNSName has_any (DomainNames)) \n  or (isnotempty(DestinationHostName) and DestinationHostName has_any (DomainNames)) \n  or (isnotempty(RequestURL) and (RequestURL has_any (DomainNames)))\n| extend timestamp = TimeGenerated , AccountCustomEntity = SourceUserID, HostCustomEntity = DeviceName\n),\n(DnsEvents \n| where TimeGenerated >= ago(timeframe) \n| extend DestinationIPAddress = IPAddresses, DNSName = Name, Host = Computer\n| where DNSName has_any (DomainNames) \n| extend timestamp = TimeGenerated, IPCustomEntity = DestinationIPAddress, HostCustomEntity = Host),\n(VMConnection \n| where TimeGenerated >= ago(timeframe) \n| parse RemoteDnsCanonicalNames with * '[\"' DNSName '\"]' *\n| where isnotempty(DNSName)\n| where DNSName has_any (DomainNames)\n| extend timestamp = TimeGenerated , HostCustomEntity = Computer),\n(SecurityAlert\n| where TimeGenerated >= ago(timeframe) \n| where ProviderName =~ 'OATP'\n| extend UPN = case(isnotempty(parse_json(Entities)[0].Upn), parse_json(Entities)[0].Upn, \n                    isnotempty(parse_json(Entities)[1].Upn), parse_json(Entities)[1].Upn,\n                    isnotempty(parse_json(Entities)[2].Upn), parse_json(Entities)[2].Upn,\n                    isnotempty(parse_json(Entities)[3].Upn), parse_json(Entities)[3].Upn,\n                    isnotempty(parse_json(Entities)[4].Upn), parse_json(Entities)[4].Upn,\n                    isnotempty(parse_json(Entities)[5].Upn), parse_json(Entities)[5].Upn,\n                    isnotempty(parse_json(Entities)[6].Upn), parse_json(Entities)[6].Upn,\n                    isnotempty(parse_json(Entities)[7].Upn), parse_json(Entities)[7].Upn,\n                    isnotempty(parse_json(Entities)[8].Upn), parse_json(Entities)[8].Upn,\n                    parse_json(Entities)[9].Upn)\n| where Entities has_any (EmailAddresses)\n| extend timestamp = TimeGenerated, AccountCustomEntity = tostring(UPN)),\n(AzureDiagnostics\n| where TimeGenerated >= ago(timeframe) \n| where ResourceType =~ \"AZUREFIREWALLS\"\n| where msg_s has_any (DomainNames)\n| extend timestamp = TimeGenerated))",
            "suppressionDuration": "PT5H",
            "suppressionEnabled": false,
            "tactics": [
                "CommandAndControl",
                "InitialAccess"
            ],
            "displayName": "Known PHOSPHORUS group domains/IP - October 2020",
            "enabled": true,
            "description": "Matches IOCs related to PHOSPHORUS group activity published October 2020 with CommonSecurityLog, DnsEvents, OfficeActivity and VMConnection dataTypes.\nReferences: ",
            "alertRuleTemplateName": "7249500f-3038-4b83-8549-9cd8dfa2d498"
        },
        "apiVersion": "2021-09-01-preview"
    }
]
}
