{
    "$schema": "https://schema.management.azure.com/schemas/2019-04-01/deploymentTemplate.json#",
    "contentVersion": "1.0.0.0",
    "parameters": {
        "workspace": {
            "type": "String"
        }
    },
    "resources": [
        {
            "id": "[concat(resourceId('Microsoft.OperationalInsights/workspaces/providers', parameters('workspace'), 'Microsoft.SecurityInsights'),'/alertRules/27170004-f797-4ce7-b28f-a152f8d7d418')]",
            "name": "[concat(parameters('workspace'),'/Microsoft.SecurityInsights/27170004-f797-4ce7-b28f-a152f8d7d418')]",
            "type": "Microsoft.OperationalInsights/workspaces/providers/alertRules",
            "kind": "Scheduled",
            "properties": {
                "incidentConfiguration": {
                    "createIncident": true,
                    "groupingConfiguration": {
                        "enabled": false,
                        "reopenClosedIncident": false,
                        "lookbackDuration": "PT5H",
                        "matchingMethod": "AllEntities",
                    "groupByEntities": [],
                    "groupByAlertDetails": null,
                    "groupByCustomDetails": null
                }
            },
            "queryFrequency": "P1D",
            "queryPeriod": "P1D",
            "triggerOperator": "GreaterThan",
            "triggerThreshold": 0,
            "eventGroupingSettings": {
                "aggregationKind": "SingleAlert"
            },
            "severity": "High",
            "query": "let timeframe = 1d;\nlet SHA256Hash = \"1174fd03271f80f5e2a6435c72bdd0272a6e3a37049f6190abf125b216a83471\" ;\n(union isfuzzy=true\n(CommonSecurityLog \n| where TimeGenerated >= ago(timeframe) \n| parse Message with * '(' DNSName ')' * \n| where isnotempty(FileHash)\n| where FileHash in (SHA256Hash) \n| extend Account = SourceUserID, Computer = DeviceName, IPAddress = SourceIP\n),\n(Event\n//This query uses sysmon data depending on table name used this may need updataing\n| where TimeGenerated >= ago(3d)\n| where Source == \"Microsoft-Windows-Sysmon\"\n| extend EvData = parse_xml(EventData)\n| extend EventDetail = EvData.DataItem.EventData.Data\n| extend Hashes = EventDetail.[16].[\"#text\"]\n| parse Hashes with * 'SHA256=' SHA265 ',' * \n| where isnotempty(Hashes)\n| where Hashes in (SHA256Hash) \n| extend Account = UserName\n)\n)\n| extend timestamp = TimeGenerated, AccountCustomEntity = Account, HostCustomEntity = Computer, IPCustomEntity = IPAddress",
            "suppressionDuration": "PT5H",
            "suppressionEnabled": false,
            "tactics": [
                "CommandAndControl",
                "CredentialAccess"
            ],
            "displayName": "Known ZINC related maldoc hash",
            "enabled": true,
            "description": "Document hash used by ZINC in highly targeted spear phishing campaign.",
            "alertRuleTemplateName": "3174a9ec-d0ad-4152-8307-94ed04fa450a"
        },
        "apiVersion": "2021-09-01-preview"
    }
]
}
