{
    "$schema": "https://schema.management.azure.com/schemas/2019-04-01/deploymentTemplate.json#",
    "contentVersion": "1.0.0.0",
    "parameters": {
        "workspace": {
            "type": "String"
        }
    },
    "resources": [
        {
            "id": "[concat(resourceId('Microsoft.OperationalInsights/workspaces/providers', parameters('workspace'), 'Microsoft.SecurityInsights'),'/alertRules/80595b61-f62d-463e-a912-9e059db30404')]",
            "name": "[concat(parameters('workspace'),'/Microsoft.SecurityInsights/80595b61-f62d-463e-a912-9e059db30404')]",
            "type": "Microsoft.OperationalInsights/workspaces/providers/alertRules",
            "kind": "Scheduled",
            "properties": {
                "incidentConfiguration": {
                    "createIncident": true,
                    "groupingConfiguration": {
                        "enabled": false,
                        "reopenClosedIncident": false,
                        "lookbackDuration": "PT5H",
                        "matchingMethod": "AllEntities",
                    "groupByEntities": [],
                    "groupByAlertDetails": null,
                    "groupByCustomDetails": null
                }
            },
            "queryFrequency": "P1D",
            "queryPeriod": "P1D",
            "triggerOperator": "GreaterThan",
            "triggerThreshold": 0,
            "eventGroupingSettings": {
                "aggregationKind": "SingleAlert"
            },
            "severity": "High",
            "query": "let timeframe = 1d;\nlet DomainNames = dynamic([\"yahoo-verification.org\",\"support-servics.com\",\"verification-live.com\",\"com-mailbox.com\",\"com-myaccuants.com\",\"notification-accountservice.com\",\n\"accounts-web-mail.com\",\"customer-certificate.com\",\"session-users-activities.com\",\"user-profile-credentials.com\",\"verify-linke.com\",\"support-servics.net\",\"verify-linkedin.net\", \n\"yahoo-verification.net\",\"yahoo-verify.net\",\"outlook-verify.net\",\"com-users.net\",\"verifiy-account.net\",\"te1egram.net\",\"account-verifiy.net\",\"myaccount-services.net\",\n\"com-identifier-servicelog.name\",\"microsoft-update.bid\",\"outlook-livecom.bid\",\"update-microsoft.bid\",\"documentsfilesharing.cloud\",\"com-microsoftonline.club\",\n\"confirm-session-identifier.info\",\"session-management.info\",\"confirmation-service.info\",\"document-share.info\",\"broadcast-news.info\",\"customize-identity.info\",\"webemail.info\",\n\"com-identifier-servicelog.info\",\"documentsharing.info\",\"notification-accountservice.info\",\"identifier-activities.info\",\"documentofficupdate.info\",\"recoveryusercustomer.info\",\n\"serverbroadcast.info\",\"account-profile-users.info\",\"account-service-management.info\",\"accounts-manager.info\",\"activity-confirmation-service.info\",\"com-accountidentifier.info\",\n\"com-privacy-help.info\",\"com-sessionidentifier.info\",\"com-useraccount.info\",\"confirmation-users-service.info\",\"confirm-identity.info\",\"confirm-session-identification.info\",\n\"continue-session-identifier.info\",\"customer-recovery.info\",\"customers-activities.info\",\"elitemaildelivery.info\",\"email-delivery.info\",\"identify-user-session.info\",\n\"message-serviceprovider.info\",\"notificationapp.info\",\"notification-manager.info\",\"recognized-activity.info\",\"recover-customers-service.info\",\"recovery-session-change.info\",\n\"service-recovery-session.info\",\"service-session-continue.info\",\"session-mail-customers.info\",\"session-managment.info\",\"session-verify-user.info\",\"shop-sellwear.info\",\n\"supportmailservice.info\",\"terms-service-notification.info\",\"user-activity-issues.info\",\"useridentity-confirm.info\",\"users-issue-services.info\",\"verify-user-session.info\",\n\"login-gov.info\",\"notification-signal-agnecy.info\",\"notifications-center.info\",\"identifier-services-sessions.info\",\"customers-manager.info\",\"session-manager.info\",\n\"customer-managers.info\",\"confirmation-recovery-options.info\",\"service-session-confirm.info\",\"session-recovery-options.info\",\"services-session-confirmation.info\",\n\"notification-managers.info\",\"activities-services-notification.info\",\"activities-recovery-options.info\",\"activity-session-recovery.info\",\"customers-services.info\",\n\"sessions-notification.info\",\"download-teamspeak.info\",\"services-issue-notification.info\",\"microsoft-upgrade.mobi\",\"broadcastnews.pro\",\"mobile-messengerplus.network\"]);\nlet IPList = dynamic([\"51.91.200.147\"]);\nlet IPRegex = '[0-9]{1,3}\\\\.[0-9]{1,3}\\\\.[0-9]{1,3}\\\\.[0-9]{1,3}';\n(union isfuzzy=true\n(CommonSecurityLog \n| where TimeGenerated >= ago(timeframe)\n| parse Message with * '(' DNSName ')' * \n| extend MessageIP = extract(IPRegex, 0, Message)\n| extend RequestURLIP = extract(IPRegex, 0, Message)\n| where (isnotempty(SourceIP) and SourceIP in (IPList)) or (isnotempty(DestinationIP) and DestinationIP in (IPList)) \nor (isnotempty(DNSName) and DNSName in~ (DomainNames)) or (isnotempty(DestinationHostName) and DestinationHostName in~ (DomainNames)) or (isnotempty(RequestURL) and (RequestURL has_any (DomainNames) or RequestURLIP in (IPList))) \nor (isnotempty(Message) and MessageIP in (IPList))\n| extend IPMatch = case(SourceIP in (IPList), \"SourceIP\", DestinationIP in (IPList), \"DestinationIP\", MessageIP in (IPList), \"Message\", RequestURLIP in (IPList), \"RequestUrl\", \"NoMatch\") \n| extend timestamp = TimeGenerated , IPCustomEntity = case(IPMatch == \"SourceIP\", SourceIP, IPMatch == \"DestinationIP\", DestinationIP,IPMatch == \"Message\", MessageIP,\nIPMatch == \"RequestUrl\", RequestURLIP,\"NoMatch\"), Account = SourceUserID, Host = DeviceName\n),\n(DnsEvents \n| where TimeGenerated >= ago(timeframe) \n| extend DestinationIPAddress = IPAddresses, DNSName = Name, Host = Computer\n| where  DestinationIPAddress in (IPList) or DNSName in~ (DomainNames) \n| extend timestamp = TimeGenerated, IPCustomEntity = DestinationIPAddress, HostCustomEntity = Host),\n(VMConnection \n| where TimeGenerated >= ago(timeframe) \n| parse RemoteDnsCanonicalNames with * '[\"' DNSName '\"]' *\n| where isnotempty(SourceIP) or isnotempty(DestinationIP) or isnotempty(DNSName)\n| where SourceIP in (IPList) or DestinationIP in (IPList) or DNSName in~ (DomainNames)\n| extend IPMatch = case( SourceIP in (IPList), \"SourceIP\", DestinationIP in (IPList), \"DestinationIP\", \"None\") \n| extend timestamp = TimeGenerated , IPCustomEntity = case(IPMatch == \"SourceIP\", SourceIP, IPMatch == \"DestinationIP\", DestinationIP, \"None\"), Host = Computer),\n(OfficeActivity\n| where TimeGenerated >= ago(timeframe)\n| extend SourceIPAddress = ClientIP, Account = UserId\n| where  SourceIPAddress in (IPList)\n| extend timestamp = TimeGenerated , IPCustomEntity = SourceIPAddress , AccountCustomEntity = Account )\n)",
            "suppressionDuration": "PT5H",
            "suppressionEnabled": false,
            "tactics": [
                "CommandAndControl"
            ],
            "displayName": "Known Phosphorus group domains/IP",
            "enabled": true,
            "description": "Matches domain name IOCs related to Phosphorus group activity with CommonSecurityLog, DnsEvents, OfficeActivity and VMConnection dataTypes.\nReferences: https://blogs.microsoft.com/on-the-issues/2019/03/27/new-steps-to-protect-customers-from-hacking/.",
            "alertRuleTemplateName": "155f40c6-610d-497d-85fc-3cf06ec13256"
        },
        "apiVersion": "2021-09-01-preview"
    }
]
}
