{
    "$schema": "https://schema.management.azure.com/schemas/2019-04-01/deploymentTemplate.json#",
    "contentVersion": "1.0.0.0",
    "parameters": {
        "workspace": {
            "type": "String"
        }
    },
    "resources": [
        {
            "id": "[concat(resourceId('Microsoft.OperationalInsights/workspaces/providers', parameters('workspace'), 'Microsoft.SecurityInsights'),'/alertRules/88ba4883-0c4d-4470-9416-1c18e58d2dbb')]",
            "name": "[concat(parameters('workspace'),'/Microsoft.SecurityInsights/88ba4883-0c4d-4470-9416-1c18e58d2dbb')]",
            "type": "Microsoft.OperationalInsights/workspaces/providers/alertRules",
            "kind": "Scheduled",
            "properties": {
                "incidentConfiguration": {
                    "createIncident": true,
                    "groupingConfiguration": {
                        "enabled": false,
                        "reopenClosedIncident": false,
                        "lookbackDuration": "PT5H",
                        "matchingMethod": "AllEntities",
                    "groupByEntities": [],
                    "groupByAlertDetails": null,
                    "groupByCustomDetails": null
                }
            },
            "queryFrequency": "PT5H",
            "queryPeriod": "PT5H",
            "triggerOperator": "GreaterThan",
            "triggerThreshold": 0,
            "eventGroupingSettings": {
                "aggregationKind": "SingleAlert"
            },
            "severity": "Medium",
            "query": "AuditLogs\n| where Category =~ \"ApplicationManagement\"\n| where ActivityDisplayName =~ \"Add delegated permission grant\"\n| where Result =~ \"success\"\n| where tostring(InitiatedBy.user.userPrincipalName) has \"@\" or tostring(InitiatedBy.app.displayName) has \"@\"\n| extend props = parse_json(tostring(TargetResources[0].modifiedProperties))\n| mv-expand props\n| extend UserAgent = tostring(AdditionalDetails[0].value)\n| extend InitiatingUser = tostring(parse_json(tostring(InitiatedBy.user)).userPrincipalName)\n| extend UserIPAddress = tostring(parse_json(tostring(InitiatedBy.user)).ipAddress)\n| extend DisplayName = tostring(props.displayName)\n| extend Permissions = tostring(parse_json(tostring(props.newValue)))\n| where Permissions has_any (\"Mail.Read\", \"Mail.ReadWrite\")\n| extend PermissionsAddedTo = tostring(TargetResources[0].displayName)\n| extend Type = tostring(TargetResources[0].type)\n| project-away props\n| join kind=leftouter(\n  AuditLogs\n  | where ActivityDisplayName has \"Consent to application\"\n  | extend AppName = tostring(TargetResources[0].displayName)\n  | extend AppId = tostring(TargetResources[0].id)\n  | project AppName, AppId, CorrelationId) on CorrelationId\n| project-reorder TimeGenerated, OperationName, InitiatingUser, UserIPAddress, UserAgent, PermissionsAddedTo, Permissions, AppName, AppId, CorrelationId\n| extend timestamp = TimeGenerated, AccountCustomEntity = InitiatingUser, IPCustomEntity = UserIPAddress",
            "suppressionDuration": "PT5H",
            "suppressionEnabled": false,
            "tactics": [
                "Persistence"
            ],
            "displayName": "Mail.Read Permissions Granted to Application",
            "enabled": true,
            "description": "This query look for applications that have been granted permissions to Read Mail (Permissions field has Mail.Read) and subsequently has been consented to. This can help identify applications that have been abused to gain access to mailboxes.",
            "alertRuleTemplateName": "2560515c-07d1-434e-87fb-ebe3af267760"
        },
        "apiVersion": "2021-09-01-preview"
    }
]
}
