{
    "$schema": "https://schema.management.azure.com/schemas/2019-04-01/deploymentTemplate.json#",
    "contentVersion": "1.0.0.0",
    "parameters": {
        "workspace": {
            "type": "String"
        }
    },
    "resources": [
        {
            "id": "[concat(resourceId('Microsoft.OperationalInsights/workspaces/providers', parameters('workspace'), 'Microsoft.SecurityInsights'),'/alertRules/3b1065c2-a6f3-400d-aba5-f11e8a42fb59')]",
            "name": "[concat(parameters('workspace'),'/Microsoft.SecurityInsights/3b1065c2-a6f3-400d-aba5-f11e8a42fb59')]",
            "type": "Microsoft.OperationalInsights/workspaces/providers/alertRules",
            "kind": "Scheduled",
            "properties": {
                "incidentConfiguration": {
                    "createIncident": true,
                    "groupingConfiguration": {
                        "enabled": false,
                        "reopenClosedIncident": false,
                        "lookbackDuration": "PT5H",
                        "matchingMethod": "AllEntities",
                    "groupByEntities": [],
                    "groupByAlertDetails": null,
                    "groupByCustomDetails": null
                }
            },
            "queryFrequency": "P1D",
            "queryPeriod": "P1D",
            "triggerOperator": "GreaterThan",
            "triggerThreshold": 0,
            "eventGroupingSettings": {
                "aggregationKind": "SingleAlert"
            },
            "severity": "Medium",
            "query": "let timeframe = 1d;\nOfficeActivity\n| where TimeGenerated >= ago(timeframe)\n| where OfficeWorkload == \"Exchange\"\n| where Operation in~ (\"New-TransportRule\", \"Set-TransportRule\")\n| extend p = parse_json(Parameters)\n| extend RuleName = case(\n  Operation =~ \"Set-TransportRule\", tostring(OfficeObjectId),\n  Operation =~ \"New-TransportRule\", tostring(p[1].Value),\n  \"Unknown\"\n  ) \n| mvexpand p\n| where (p.Name =~ \"BlindCopyTo\" or p.Name =~ \"RedirectMessageTo\") and isnotempty(p.Value)\n| extend RedirectTo = p.Value\n| extend ClientIPOnly = case( \n  ClientIP has \".\" and ClientIP has \":\", tostring(split(ClientIP,\":\")[0]), \n  ClientIP has \".\" and ClientIP has \"-\", tostring(split(ClientIP,\"-\")[0]), \n  ClientIP has \"[\", tostring(trim_start(@'[[]',tostring(split(ClientIP,\"]\")[0]))),\n  ClientIP\n  )  \n| extend Port = case(\n  ClientIP has \".\" and ClientIP has \":\", (split(ClientIP,\":\")[1]),\n  ClientIP has \".\" and ClientIP has \"-\", (split(ClientIP,\"-\")[1]),\n  ClientIP has \"[\" and ClientIP has \":\", tostring(split(ClientIP,\"]:\")[1]),\n  ClientIP has \"[\" and ClientIP has \"-\", tostring(split(ClientIP,\"]-\")[1]),\n  ClientIP\n  )\n| extend ClientIP = ClientIPOnly\n| project TimeGenerated, RedirectTo, ClientIP, Port, UserId, Operation, RuleName\n| extend timestamp = TimeGenerated, AccountCustomEntity = UserId, IPCustomEntity = ClientIP",
            "suppressionDuration": "PT5H",
            "suppressionEnabled": false,
            "tactics": [
                "Collection",
                "Exfiltration"
            ],
            "displayName": "Mail redirect via ExO transport rule",
            "enabled": true,
            "description": "Identifies when Exchange Online transport rule configured to forward emails.\nThis could be an adversary mailbox configured to collect mail from multiple user accounts.",
            "alertRuleTemplateName": "500415fb-bba7-4227-a08a-9857fb61b6a7"
        },
        "apiVersion": "2021-09-01-preview"
    }
]
}
