{
    "$schema": "https://schema.management.azure.com/schemas/2019-04-01/deploymentTemplate.json#",
    "contentVersion": "1.0.0.0",
    "parameters": {
        "workspace": {
            "type": "String"
        }
    },
    "resources": [
        {
            "id": "[concat(resourceId('Microsoft.OperationalInsights/workspaces/providers', parameters('workspace'), 'Microsoft.SecurityInsights'),'/alertRules/27080235-f2e5-4831-a253-746d39dbcf46')]",
            "name": "[concat(parameters('workspace'),'/Microsoft.SecurityInsights/27080235-f2e5-4831-a253-746d39dbcf46')]",
            "type": "Microsoft.OperationalInsights/workspaces/providers/alertRules",
            "kind": "Scheduled",
            "properties": {
                "incidentConfiguration": {
                    "createIncident": true,
                    "groupingConfiguration": {
                        "enabled": false,
                        "reopenClosedIncident": false,
                        "lookbackDuration": "PT5H",
                        "matchingMethod": "AllEntities",
                    "groupByEntities": [],
                    "groupByAlertDetails": null,
                    "groupByCustomDetails": null
                }
            },
            "queryFrequency": "P1D",
            "queryPeriod": "P1D",
            "triggerOperator": "GreaterThan",
            "triggerThreshold": 0,
            "eventGroupingSettings": {
                "aggregationKind": "SingleAlert"
            },
            "severity": "Medium",
            "query": "let timeframe = 1d;\n(union isfuzzy=true\n(AuditLogs \n| where TimeGenerated >= ago(timeframe) \n| where OperationName =~ \"Disable Strong Authentication\"\n| extend IPAddress = tostring(parse_json(tostring(InitiatedBy.user)).ipAddress) \n| extend InitiatedByUser = iff(isnotempty(tostring(parse_json(tostring(InitiatedBy.user)).userPrincipalName)), \n tostring(parse_json(tostring(InitiatedBy.user)).userPrincipalName), tostring(parse_json(tostring(InitiatedBy.app)).displayName))\n| extend Targetprop = todynamic(TargetResources)\n| extend TargetUser = tostring(Targetprop[0].userPrincipalName) \n| summarize StartTimeUtc = min(TimeGenerated), EndTimeUtc = max(TimeGenerated) by User = TargetUser, InitiatedByUser , Operation = OperationName , CorrelationId, IPAddress, Category, Source = SourceSystem , AADTenantId, Type\n),\n(AWSCloudTrail\n| where TimeGenerated >= ago(timeframe)\n| where EventName in~ (\"DeactivateMFADevice\", \"DeleteVirtualMFADevice\") \n| extend InstanceProfileName = tostring(parse_json(RequestParameters).InstanceProfileName)\n| extend TargetUser = tostring(parse_json(RequestParameters).userName)\n| summarize StartTimeUtc = min(TimeGenerated), EndTimeUtc = max(TimeGenerated) by User = TargetUser, Source = EventSource , Operation = EventName , TenantorInstance_Detail = InstanceProfileName, IPAddress = SourceIpAddress\n)\n)\n| extend timestamp = StartTimeUtc, AccountCustomEntity = User, IPCustomEntity = IPAddress",
            "suppressionDuration": "PT5H",
            "suppressionEnabled": false,
            "tactics": [
                "CredentialAccess"
            ],
            "displayName": "MFA disabled for a user",
            "enabled": true,
            "description": "Multi-Factor Authentication (MFA) helps prevent credential compromise. This alert identifies when an attempt has been made to diable MFA for a user ",
            "alertRuleTemplateName": "65c78944-930b-4cae-bd79-c3664ae30ba7"
        },
        "apiVersion": "2021-09-01-preview"
    }
]
}
