{
    "$schema": "https://schema.management.azure.com/schemas/2019-04-01/deploymentTemplate.json#",
    "contentVersion": "1.0.0.0",
    "parameters": {
        "workspace": {
            "type": "String"
        }
    },
    "resources": [
        {
            "id": "[concat(resourceId('Microsoft.OperationalInsights/workspaces/providers', parameters('workspace'), 'Microsoft.SecurityInsights'),'/alertRules/36f4d53c-7a19-4c1c-804b-3db0113b8580')]",
            "name": "[concat(parameters('workspace'),'/Microsoft.SecurityInsights/36f4d53c-7a19-4c1c-804b-3db0113b8580')]",
            "type": "Microsoft.OperationalInsights/workspaces/providers/alertRules",
            "kind": "Scheduled",
            "properties": {
                "incidentConfiguration": {
                    "createIncident": true,
                    "groupingConfiguration": {
                        "enabled": false,
                        "reopenClosedIncident": false,
                        "lookbackDuration": "PT5H",
                        "matchingMethod": "AllEntities",
                    "groupByEntities": [],
                "groupByAlertDetails": [],
            "groupByCustomDetails": []
        }
    },
    "entityMappings": [
        {
            "entityType": "Account",
            "fieldMappings": [
                {
                    "identifier": "FullName",
                    "columnName": "AccountCustomEntity"
                }
            ]
        },
        {
            "entityType": "IP",
            "fieldMappings": [
                {
                    "identifier": "Address",
                    "columnName": "IPCustomEntity"
                }
            ]
        }
    ],
    "templateVersion": "1.0.1",
    "queryFrequency": "PT1H",
    "queryPeriod": "PT1H",
    "triggerOperator": "GreaterThan",
    "triggerThreshold": 0,
    "eventGroupingSettings": {
        "aggregationKind": "SingleAlert"
    },
    "severity": "Medium",
    "query": "SigninLogs\n| where ResultType == 500121\n| extend additionalDetails_ = tostring(Status.additionalDetails)\n| where additionalDetails_ =~ \"MFA denied; user declined the authentication\"\n| extend AccountCustomEntity = UserPrincipalName, IPCustomEntity = IPAddress",
    "suppressionDuration": "PT5H",
    "suppressionEnabled": false,
    "tactics": [
        "InitialAccess"
    ],
    "displayName": "MFA Rejected by User",
    "enabled": true,
    "description": "Identifies accurances where a user has rejected an MFA prompt. This could be an indicator that a threat actor has compromised the username and password of this user account and is using it to try and log into the account.\nRef : https://docs.microsoft.com/azure/active-directory/fundamentals/security-operations-user-accounts#monitoring-for-failed-unusual-sign-ins",
    "alertRuleTemplateName": "d99cf5c3-d660-436c-895b-8a8f8448da23"
},
"apiVersion": "2021-09-01-preview"
}
]
}
