{
    "$schema": "https://schema.management.azure.com/schemas/2019-04-01/deploymentTemplate.json#",
    "contentVersion": "1.0.0.0",
    "parameters": {
        "workspace": {
            "type": "String"
        }
    },
    "resources": [
        {
            "id": "[concat(resourceId('Microsoft.OperationalInsights/workspaces/providers', parameters('workspace'), 'Microsoft.SecurityInsights'),'/alertRules/bdd7eff0-bfa4-4846-a72d-c6f7916834d9')]",
            "name": "[concat(parameters('workspace'),'/Microsoft.SecurityInsights/bdd7eff0-bfa4-4846-a72d-c6f7916834d9')]",
            "type": "Microsoft.OperationalInsights/workspaces/providers/alertRules",
            "kind": "Scheduled",
            "properties": {
                "incidentConfiguration": {
                    "createIncident": true,
                    "groupingConfiguration": {
                        "enabled": false,
                        "reopenClosedIncident": false,
                        "lookbackDuration": "PT5H",
                        "matchingMethod": "AllEntities",
                    "groupByEntities": [],
                "groupByAlertDetails": [],
            "groupByCustomDetails": []
        }
    },
    "entityMappings": [
        {
            "entityType": "Account",
            "fieldMappings": [
                {
                    "identifier": "FullName",
                    "columnName": "AccountCustomEntity"
                }
            ]
        },
        {
            "entityType": "IP",
            "fieldMappings": [
                {
                    "identifier": "Address",
                    "columnName": "IPCustomEntity"
                }
            ]
        }
    ],
    "queryFrequency": "PT5M",
    "queryPeriod": "PT5M",
    "triggerOperator": "GreaterThan",
    "triggerThreshold": 0,
    "eventGroupingSettings": {
        "aggregationKind": "SingleAlert"
    },
    "severity": "High",
    "query": "(union isfuzzy=true\n(\nAuditLogs\n| where OperationName =~ \"Set federation settings on domain\"\n//| where Result =~ \"success\"   // commenting out, as it may be interesting to capture failed attempts\n| mv-expand TargetResources\n| extend modifiedProperties = parse_json(TargetResources).modifiedProperties\n| mv-expand modifiedProperties\n| extend targetDisplayName = tostring(parse_json(modifiedProperties).displayName)\n| mv-expand AdditionalDetails\n),\n(\nAuditLogs\n| where OperationName =~ \"Set domain authentication\"\n//| where Result =~ \"success\"   // commenting out, as it may be interesting to capture failed attempts\n| mv-expand TargetResources\n| extend modifiedProperties = parse_json(TargetResources).modifiedProperties\n| mv-expand modifiedProperties\n| extend targetDisplayName = tostring(parse_json(modifiedProperties).displayName), NewDomainValue=tostring(parse_json(modifiedProperties).newValue)\n| where NewDomainValue has \"Federated\"\n)\n)\n| extend UserAgent = iff(AdditionalDetails.key == \"User-Agent\",tostring(AdditionalDetails.value),\"\")\n| extend InitiatingUserOrApp = iff(isnotempty(InitiatedBy.user.userPrincipalName),tostring(InitiatedBy.user.userPrincipalName), tostring(InitiatedBy.app.displayName))\n| extend InitiatingIpAddress = iff(isnotempty(InitiatedBy.user.ipAddress), tostring(InitiatedBy.user.ipAddress), tostring(InitiatedBy.app.ipAddress))\n| project-reorder TimeGenerated, OperationName, InitiatingUserOrApp, AADOperationType, targetDisplayName, Result, InitiatingIpAddress, UserAgent, CorrelationId, TenantId, AADTenantId\n| extend timestamp = TimeGenerated, AccountCustomEntity = InitiatingUserOrApp, IPCustomEntity = InitiatingIpAddress",
    "suppressionDuration": "PT5H",
    "suppressionEnabled": false,
    "tactics": [
        "CredentialAccess"
    ],
    "displayName": "Modified domain federation trust settings",
    "enabled": true,
    "description": "This will alert when a user or application modifies the federation settings on the domain or Update domain authentication from Managed to Federated.\nFor example, this alert will trigger when a new Active Directory Federated Service (ADFS) TrustedRealm object, such as a signing certificate, is added to the domain.\nModification to domain federation settings should be rare. Confirm the added or modified target domain/URL is legitimate administrator behavior.\nTo understand why an authorized user may update settings for a federated domain in Office 365, Azure, or Intune, see: https://docs.microsoft.com/office365/troubleshoot/active-directory/update-federated-domain-office-365.\nFor details on security realms that accept security tokens, see the ADFS Proxy Protocol (MS-ADFSPP) specification: https://docs.microsoft.com/openspecs/windows_protocols/ms-adfspp/e7b9ea73-1980-4318-96a6-da559486664b.\nFor further information on AuditLogs please see https://docs.microsoft.com/azure/active-directory/reports-monitoring/reference-audit-activities.",
    "alertRuleTemplateName": "95dc4ae3-e0f2-48bd-b996-cdd22b90f9af"
},
"apiVersion": "2021-09-01-preview"
}
]
}
