{
    "$schema": "https://schema.management.azure.com/schemas/2019-04-01/deploymentTemplate.json#",
    "contentVersion": "1.0.0.0",
    "parameters": {
        "workspace": {
            "type": "String"
        }
    },
    "resources": [
        {
            "id": "[concat(resourceId('Microsoft.OperationalInsights/workspaces/providers', parameters('workspace'), 'Microsoft.SecurityInsights'),'/alertRules/90beaac3-eff4-49da-a73d-4a030c5ba470')]",
            "name": "[concat(parameters('workspace'),'/Microsoft.SecurityInsights/90beaac3-eff4-49da-a73d-4a030c5ba470')]",
            "type": "Microsoft.OperationalInsights/workspaces/providers/alertRules",
            "kind": "Scheduled",
            "properties": {
                "incidentConfiguration": {
                    "createIncident": true,
                    "groupingConfiguration": {
                        "enabled": false,
                        "reopenClosedIncident": false,
                        "lookbackDuration": "PT5H",
                        "matchingMethod": "AllEntities",
                    "groupByEntities": [],
                    "groupByAlertDetails": null,
                    "groupByCustomDetails": null
                }
            },
            "queryFrequency": "P1D",
            "queryPeriod": "P8D",
            "triggerOperator": "GreaterThan",
            "triggerThreshold": 0,
            "eventGroupingSettings": {
                "aggregationKind": "SingleAlert"
            },
            "severity": "Low",
            "query": "let endtime = 1d;\nlet starttime = 8d;\nlet threshold = 2.0;\nSecurityEvent\n| where TimeGenerated >= ago(endtime) \n| where EventID == 4624 and LogonType == 10\n| summarize StartTimeUtc = min(TimeGenerated), EndTimeUtc = max(TimeGenerated), ComputerCountToday = dcount(Computer), ComputerSet = makeset(Computer), ProcessSet = makeset(ProcessName)  \nby Account, IpAddress, AccountType, Activity, LogonTypeName\n| join kind=inner (\nSecurityEvent\n| where TimeGenerated >= ago(starttime) and TimeGenerated < ago(endtime) \n| where EventID == 4624 and LogonType == 10\n| summarize ComputerCountPrev7Days = dcount(Computer) by Account, IpAddress\n) on Account, IpAddress\n| extend Ratio = ComputerCountToday/(ComputerCountPrev7Days*1.0)\n// Where the ratio of today to previous 7 days is more than double.\n| where Ratio > threshold\n| project StartTimeUtc, EndTimeUtc, Account, IpAddress, ComputerSet, ComputerCountToday, ComputerCountPrev7Days, Ratio, AccountType, Activity, LogonTypeName, ProcessSet\n| extend timestamp = StartTimeUtc, AccountCustomEntity = Account, IPCustomEntity = IpAddress",
            "suppressionDuration": "PT5H",
            "suppressionEnabled": false,
            "tactics": [
                "LateralMovement"
            ],
            "displayName": "Multiple RDP connections from Single System",
            "enabled": true,
            "description": "Identifies when an RDP connection is made to multiple systems and above the normal for the previous 7 days.  \nConnections from the same system with the same account within the same day.\nRDP connections are indicated by the EventID 4624 with LogonType = 10",
            "alertRuleTemplateName": "78422ef2-62bf-48ca-9bab-72c69818a425"
        },
        "apiVersion": "2021-09-01-preview"
    }
]
}
