{
    "$schema": "https://schema.management.azure.com/schemas/2019-04-01/deploymentTemplate.json#",
    "contentVersion": "1.0.0.0",
    "parameters": {
        "workspace": {
            "type": "String"
        }
    },
    "resources": [
        {
            "id": "[concat(resourceId('Microsoft.OperationalInsights/workspaces/providers', parameters('workspace'), 'Microsoft.SecurityInsights'),'/alertRules/181445b6-a2aa-4e42-a71a-d7faacd5312e')]",
            "name": "[concat(parameters('workspace'),'/Microsoft.SecurityInsights/181445b6-a2aa-4e42-a71a-d7faacd5312e')]",
            "type": "Microsoft.OperationalInsights/workspaces/providers/alertRules",
            "kind": "Scheduled",
            "properties": {
                "incidentConfiguration": {
                    "createIncident": true,
                    "groupingConfiguration": {
                        "enabled": false,
                        "reopenClosedIncident": false,
                        "lookbackDuration": "PT5M",
                        "matchingMethod": "AllEntities",
                    "groupByEntities": [],
                    "groupByAlertDetails": null,
                    "groupByCustomDetails": null
                }
            },
            "queryFrequency": "P1D",
            "queryPeriod": "P1D",
            "triggerOperator": "GreaterThan",
            "triggerThreshold": 0,
            "severity": "Low",
            "query": "// Adjust this value to change how many Teams should be deleted before including\nlet max_delete_count = 3;\n// Adjust this value to change the timewindow the query runs over\n  OfficeActivity\n| where OfficeWorkload =~ \"MicrosoftTeams\" \n| where Operation =~ \"TeamDeleted\"\n| summarize StartTime = min(TimeGenerated), EndTime = max(TimeGenerated), DeletedTeams = make_set(TeamName) by UserId\n| where array_length(DeletedTeams) > max_delete_count\n| extend timestamp = StartTime, AccountCustomEntity = UserId\n",
            "suppressionDuration": "PT1H",
            "suppressionEnabled": false,
            "tactics": [
                "Impact"
            ],
            "displayName": "Multiple Teams deleted by a single user",
            "enabled": false,
            "description": "This detection flags the occurrences of deleting multiple teams within an hour.\nThis data is a part of Office 365 Connector in Azure Sentinel.",
            "alertRuleTemplateName": null
        },
        "apiVersion": "2021-09-01-preview"
    }
]
}
