{
    "$schema": "https://schema.management.azure.com/schemas/2019-04-01/deploymentTemplate.json#",
    "contentVersion": "1.0.0.0",
    "parameters": {
        "workspace": {
            "type": "String"
        }
    },
    "resources": [
        {
            "id": "[concat(resourceId('Microsoft.OperationalInsights/workspaces/providers', parameters('workspace'), 'Microsoft.SecurityInsights'),'/alertRules/08c74082-2979-4ac2-835f-8485c6165fde')]",
            "name": "[concat(parameters('workspace'),'/Microsoft.SecurityInsights/08c74082-2979-4ac2-835f-8485c6165fde')]",
            "type": "Microsoft.OperationalInsights/workspaces/providers/alertRules",
            "kind": "Scheduled",
            "properties": {
                "incidentConfiguration": {
                    "createIncident": true,
                    "groupingConfiguration": {
                        "enabled": true,
                        "reopenClosedIncident": false,
                        "lookbackDuration": "PT5H",
                        "matchingMethod": "AllEntities",
                    "groupByEntities": [],
                "groupByAlertDetails": [],
            "groupByCustomDetails": []
        }
    },
    "queryFrequency": "P1D",
    "queryPeriod": "P1D",
    "triggerOperator": "GreaterThan",
    "triggerThreshold": 0,
    "eventGroupingSettings": {
        "aggregationKind": "SingleAlert"
    },
    "severity": "Low",
    "query": "let timeframe = 1d;\nlet PerUserThreshold = 5;\nlet TotalThreshold = 100;\nlet action = dynamic([\"change\", \"changed\", \"reset\"]);\nlet pWord = dynamic([\"password\", \"credentials\"]);\nlet PasswordResetMultiDataSource =\n(union isfuzzy=true\n(//Password reset events\n//4723: An attempt was made to change an account's password\n//4724: An attempt was made to reset an accounts password\nSecurityEvent\n| where TimeGenerated >= ago(timeframe)\n| where EventID in (\"4723\",\"4724\")\n| project TimeGenerated, Computer, AccountType, Account, Type),\n(//Azure Active Directory Password reset events\nAuditLogs\n| where TimeGenerated >= ago(timeframe)\n| where OperationName has_any (pWord) and OperationName has_any (action)\n| extend AccountType = tostring(TargetResources[0].type), Account = tostring(TargetResources[0].userPrincipalName), \nTargetResourceName = tolower(tostring(TargetResources[0].displayName))\n| project TimeGenerated, AccountType, Account, Computer = TargetResourceName, Type),\n(//OfficeActive ActiveDirectory Password reset events\nOfficeActivity\n| where TimeGenerated >= ago(timeframe)\n| where OfficeWorkload == \"AzureActiveDirectory\" \n| where (ExtendedProperties has_any (pWord) or ModifiedProperties has_any (pWord)) and (ExtendedProperties has_any (action) or ModifiedProperties has_any (action))\n| extend AccountType = UserType, Account = OfficeObjectId \n| project TimeGenerated, AccountType, Account, Type, Computer = \"\"),\n(// Unix syslog password reset events\nSyslog\n| where TimeGenerated >= ago(timeframe)\n| where Facility in (\"auth\",\"authpriv\")\n| where SyslogMessage has_any (pWord) and SyslogMessage has_any (action)\n| extend AccountType = iif(SyslogMessage contains \"root\", \"Root\", \"Non-Root\")\n| parse SyslogMessage with * \"password changed for\" Account\n| project TimeGenerated, AccountType, Account, Computer = HostName, Type),\n(SigninLogs\n| where TimeGenerated >= ago(timeframe)\n| where OperationName =~ \"Sign-in activity\" and ResultType has_any (\"50125\", \"50133\")\n| project TimeGenerated, AccountType = AppDisplayName, Computer = IPAddress, Account = UserPrincipalName, Type\n)\n);\nlet pwrmd = PasswordResetMultiDataSource\n| project TimeGenerated, Computer, AccountType, Account, Type;\n(union isfuzzy=true  \n(pwrmd\n| summarize StartTimeUtc = min(TimeGenerated), EndTimeUtc = max(TimeGenerated), Computer = makeset(Computer), AccountType = makeset(AccountType), Total=count() by Account, Type\n| where Total > PerUserThreshold\n| extend ResetPivot = \"PerUserReset\"),  \n(pwrmd\n| summarize StartTimeUtc = min(TimeGenerated), EndTimeUtc = max(TimeGenerated), Computer = makeset(Computer), Account = tostring(makeset(Account)), AccountType = makeset(AccountType), Total=count() by Type\n| where Total > TotalThreshold\n| extend ResetPivot = \"TotalUserReset\")\n)\n| extend timestamp = StartTimeUtc, AccountCustomEntity = Account, HostCustomEntity = tostring(Computer)",
    "suppressionDuration": "PT5H",
    "suppressionEnabled": false,
    "tactics": [
        "InitialAccess",
        "CredentialAccess"
    ],
    "displayName": "Multiple Password Reset by user",
    "enabled": true,
    "description": "This query will determine multiple password resets by user across multiple data sources. \nAccount manipulation including password reset may aid adversaries in maintaining access to credentials \nand certain permission levels within an environment.",
    "alertRuleTemplateName": "0b9ae89d-8cad-461c-808f-0494f70ad5c4"
},
"apiVersion": "2021-09-01-preview"
}
]
}
