{
    "$schema": "https://schema.management.azure.com/schemas/2019-04-01/deploymentTemplate.json#",
    "contentVersion": "1.0.0.0",
    "parameters": {
        "workspace": {
            "type": "String"
        }
    },
    "resources": [
        {
            "id": "[concat(resourceId('Microsoft.OperationalInsights/workspaces/providers', parameters('workspace'), 'Microsoft.SecurityInsights'),'/alertRules/e3c77ee8-e504-4eed-af0e-cf55f2928a67')]",
            "name": "[concat(parameters('workspace'),'/Microsoft.SecurityInsights/e3c77ee8-e504-4eed-af0e-cf55f2928a67')]",
            "type": "Microsoft.OperationalInsights/workspaces/providers/alertRules",
            "kind": "Scheduled",
            "properties": {
                "incidentConfiguration": {
                    "createIncident": true,
                    "groupingConfiguration": {
                        "enabled": false,
                        "reopenClosedIncident": false,
                        "lookbackDuration": "PT5H",
                        "matchingMethod": "AllEntities",
                    "groupByEntities": [],
                "groupByAlertDetails": [],
            "groupByCustomDetails": []
        }
    },
    "entityMappings": [
        {
            "entityType": "Account",
            "fieldMappings": [
                {
                    "identifier": "FullName",
                    "columnName": "AccountCustomEntity"
                }
            ]
        },
        {
            "entityType": "Host",
            "fieldMappings": [
                {
                    "identifier": "FullName",
                    "columnName": "HostCustomEntity"
                }
            ]
        },
        {
            "entityType": "IP",
            "fieldMappings": [
                {
                    "identifier": "Address",
                    "columnName": "IPCustomEntity"
                }
            ]
        },
        {
            "entityType": "URL",
            "fieldMappings": [
                {
                    "identifier": "Url",
                    "columnName": "URLCustomEntity"
                }
            ]
        }
    ],
    "queryFrequency": "PT5M",
    "queryPeriod": "PT5M",
    "triggerOperator": "GreaterThan",
    "triggerThreshold": 0,
    "eventGroupingSettings": {
        "aggregationKind": "SingleAlert"
    },
    "severity": "Medium",
    "query": "let endpointData = \n(SecurityEvent\n  | where EventID == 4688\n  | extend shortFileName = tostring(split(NewProcessName, '\\\\')[-1])\n  );\n// Correlate suspect executables seen in TrendMicro rule updates with similar activity on endpoints\nCommonSecurityLog\n| where DeviceVendor =~ \"Trend Micro\"\n| where Activity =~ \"Deny List updated\" \n| where RequestURL endswith \".exe\"\n| project TimeGenerated, Activity , RequestURL , SourceIP, DestinationIP\n| extend suspectExeName = tolower(tostring(split(RequestURL, '/')[-1]))\n| join (endpointData) on $left.suspectExeName == $right.shortFileName \n| extend timestamp = TimeGenerated, IPCustomEntity = DestinationIP, AccountCustomEntity = TargetUserName, HostCustomEntity = Computer, URLCustomEntity = RequestURL",
    "suppressionDuration": "PT5H",
    "suppressionEnabled": false,
    "tactics": [
        "Execution"
    ],
    "displayName": "Network endpoint to host executable correlation",
    "enabled": true,
    "description": "Correlates blocked URLs hosting [malicious] executables with host endpoint data\nto identify potential instances of executables of the same name having been recently run.",
    "alertRuleTemplateName": "01f64465-b1ef-41ea-a7f5-31553a11ad43"
},
"apiVersion": "2021-09-01-preview"
}
]
}
