{
    "$schema": "https://schema.management.azure.com/schemas/2019-04-01/deploymentTemplate.json#",
    "contentVersion": "1.0.0.0",
    "parameters": {
        "workspace": {
            "type": "String"
        }
    },
    "resources": [
        {
            "id": "[concat(resourceId('Microsoft.OperationalInsights/workspaces/providers', parameters('workspace'), 'Microsoft.SecurityInsights'),'/alertRules/7b22daa2-a5fa-470f-980d-c4f4d224d3a5')]",
            "name": "[concat(parameters('workspace'),'/Microsoft.SecurityInsights/7b22daa2-a5fa-470f-980d-c4f4d224d3a5')]",
            "type": "Microsoft.OperationalInsights/workspaces/providers/alertRules",
            "kind": "Scheduled",
            "properties": {
                "incidentConfiguration": {
                    "createIncident": true,
                    "groupingConfiguration": {
                        "enabled": false,
                        "reopenClosedIncident": false,
                        "lookbackDuration": "PT5H",
                        "matchingMethod": "AllEntities",
                    "groupByEntities": [],
                    "groupByAlertDetails": null,
                    "groupByCustomDetails": null
                }
            },
            "queryFrequency": "PT1H",
            "queryPeriod": "PT1H",
            "triggerOperator": "GreaterThan",
            "triggerThreshold": 0,
            "eventGroupingSettings": {
                "aggregationKind": "SingleAlert"
            },
            "severity": "Medium",
            "query": "let auditLookback = 1h;\nAuditLogs\n| where TimeGenerated > ago(auditLookback)\n| where OperationName has_any (\"Add service principal\", \"Certificates and secrets management\") // captures \"Add service principal\", \"Add service principal credentials\", and \"Update application â€“ Certificates and secrets management\" events\n| where Result =~ \"success\"\n| mv-expand target = TargetResources\n| where tostring(InitiatedBy.user.userPrincipalName) has \"@\" or tostring(InitiatedBy.app.displayName) has \"@\"\n| extend targetDisplayName = tostring(TargetResources[0].displayName)\n| extend targetId = tostring(TargetResources[0].id)\n| extend targetType = tostring(TargetResources[0].type)\n| extend keyEvents = TargetResources[0].modifiedProperties\n| mv-expand keyEvents\n| where keyEvents.displayName =~ \"KeyDescription\"\n| extend new_value_set = parse_json(tostring(keyEvents.newValue))\n| extend old_value_set = parse_json(tostring(keyEvents.oldValue))\n| where old_value_set != \"[]\"\n| extend diff = set_difference(new_value_set, old_value_set)\n| where isnotempty(diff)\n| parse diff with * \"KeyIdentifier=\" keyIdentifier:string \",KeyType=\" keyType:string \",KeyUsage=\" keyUsage:string \",DisplayName=\" keyDisplayName:string \"]\" *\n| where keyUsage == \"Verify\"  or keyUsage == \"\"\n| extend UserAgent = iff(AdditionalDetails[0].key == \"User-Agent\",tostring(AdditionalDetails[0].value),\"\")\n| extend InitiatingUserOrApp = iff(isnotempty(InitiatedBy.user.userPrincipalName),tostring(InitiatedBy.user.userPrincipalName), tostring(InitiatedBy.app.displayName))\n| extend InitiatingIpAddress = iff(isnotempty(InitiatedBy.user.ipAddress), tostring(InitiatedBy.user.ipAddress), tostring(InitiatedBy.app.ipAddress))\n// The below line is currently commented out but Azure Sentinel users can modify this query to show only Application or only Service Principal events in their environment\n//| where targetType =~ \"Application\" // or targetType =~ \"ServicePrincipal\"\n| project-away diff, new_value_set, old_value_set\n| project-reorder TimeGenerated, OperationName, InitiatingUserOrApp, InitiatingIpAddress, UserAgent, targetDisplayName, targetId, targetType, keyDisplayName, keyType, keyUsage, keyIdentifier, CorrelationId, TenantId\n| extend timestamp = TimeGenerated, AccountCustomEntity = InitiatingUserOrApp, IPCustomEntity = InitiatingIpAddress",
            "suppressionDuration": "PT5H",
            "suppressionEnabled": false,
            "tactics": [
                "DefenseEvasion"
            ],
            "displayName": "New access credential added to Application or Service Principal",
            "enabled": true,
            "description": "This will alert when an admin or app owner account adds a new credential to an Application or Service Principal where a verify KeyCredential was already present for the app.\nIf a threat actor obtains access to an account with sufficient privileges and adds the alternate authentication material triggering this event, the threat actor can now authenticate as the Application or Service Principal using this credential.\nAdditional information on OAuth Credential Grants can be found in RFC 6749 Section 4.4 or https://docs.microsoft.com/azure/active-directory/develop/v2-oauth2-client-creds-grant-flow\nFor further information on AuditLogs please see https://docs.microsoft.com/azure/active-directory/reports-monitoring/reference-audit-activities.",
            "alertRuleTemplateName": "79566f41-df67-4e10-a703-c38a6213afd8"
        },
        "apiVersion": "2021-09-01-preview"
    }
]
}
