{
    "$schema": "https://schema.management.azure.com/schemas/2019-04-01/deploymentTemplate.json#",
    "contentVersion": "1.0.0.0",
    "parameters": {
        "workspace": {
            "type": "String"
        }
    },
    "resources": [
        {
            "id": "[concat(resourceId('Microsoft.OperationalInsights/workspaces/providers', parameters('workspace'), 'Microsoft.SecurityInsights'),'/alertRules/642796db-1a38-4023-9cc9-379b132d448a')]",
            "name": "[concat(parameters('workspace'),'/Microsoft.SecurityInsights/642796db-1a38-4023-9cc9-379b132d448a')]",
            "type": "Microsoft.OperationalInsights/workspaces/providers/alertRules",
            "kind": "Scheduled",
            "properties": {
                "incidentConfiguration": {
                    "createIncident": true,
                    "groupingConfiguration": {
                        "enabled": false,
                        "reopenClosedIncident": false,
                        "lookbackDuration": "PT5H",
                        "matchingMethod": "AllEntities",
                    "groupByEntities": [],
                "groupByAlertDetails": [],
            "groupByCustomDetails": []
        }
    },
    "entityMappings": [
        {
            "entityType": "Account",
            "fieldMappings": [
                {
                    "identifier": "Name",
                    "columnName": "UserId"
                }
            ]
        },
        {
            "entityType": "IP",
            "fieldMappings": [
                {
                    "identifier": "Address",
                    "columnName": "ClientIP"
                }
            ]
        },
        {
            "entityType": "File",
            "fieldMappings": [
                {
                    "identifier": "Name",
                    "columnName": "FileNames"
                }
            ]
        }
    ],
    "queryFrequency": "P1D",
    "queryPeriod": "P8D",
    "triggerOperator": "GreaterThan",
    "triggerThreshold": 0,
    "eventGroupingSettings": {
        "aggregationKind": "SingleAlert"
    },
    "severity": "Low",
    "query": "// a threshold can be enabled, see commented line below for PrevSeenCount\nlet threshold = 2;\nlet uploadOp = 'FileUploaded';\n// Extensions that are interesting. Add/Remove to this list as you see fit\nlet execExt = dynamic(['exe', 'inf', 'gzip', 'cmd', 'bat']);\nlet starttime = 8d;\nlet endtime = 1d;\nOfficeActivity | where TimeGenerated >= ago(endtime)\n// Limited to File Uploads due to potential noise, comment out the Operation statement below to include any operation type\n// Additional, but potentially noisy operation types that include Uploads and Downloads can be included by adding the following - Operation contains \"upload\" or Operation contains \"download\"\n| where Operation =~ uploadOp\n| where SourceFileExtension has_any (execExt)\n| project TimeGenerated, OfficeId, OfficeWorkload, RecordType, Operation, UserType, UserKey, UserId, ClientIP, UserAgent, Site_Url, SourceRelativeUrl, SourceFileName\n| join kind= leftanti (\nOfficeActivity | where TimeGenerated between (ago(starttime) .. ago(endtime))\n| where Operation =~ uploadOp\n| where SourceFileExtension has_any (execExt)\n| summarize SourceRelativeUrl = make_set(SourceRelativeUrl), UserId = make_set(UserId) , PrevSeenCount = count() by SourceFileName\n// To exclude previous matches when only above a specific count, change threshold above and uncomment the line below\n//| where PrevSeenCount > threshold\n| mvexpand SourceRelativeUrl, UserId\n| extend SourceRelativeUrl = tostring(SourceRelativeUrl), UserId = tostring(UserId)\n) on SourceFileName, SourceRelativeUrl, UserId \n| extend SiteUrlUserFolder = tolower(split(Site_Url, '/')[-2])\n| extend UserIdUserFolderFormat = tolower(replace('@|\\\\.', '_',UserId))\n// identify when UserId is not a match to the specific site url personal folder reference\n| extend UserIdDiffThanUserFolder = iff(Site_Url has '/personal/' and SiteUrlUserFolder != UserIdUserFolderFormat, true , false ) \n| summarize TimeGenerated = make_list(TimeGenerated), StartTimeUtc = min(TimeGenerated), EndTimeUtc = max(TimeGenerated), \nUserAgents = make_list(UserAgent), OfficeIds = make_list(OfficeId), SourceRelativeUrls = make_list(SourceRelativeUrl), FileNames = make_list(SourceFileName)\nby OfficeWorkload, RecordType, Operation, UserType, UserKey, UserId, ClientIP, Site_Url, SiteUrlUserFolder, UserIdUserFolderFormat, UserIdDiffThanUserFolder",
    "suppressionDuration": "PT5H",
    "suppressionEnabled": false,
    "tactics": [
        "CommandAndControl"
    ],
    "displayName": "New executable via Office FileUploaded Operation",
    "enabled": true,
    "description": "Identifies when executable file types are uploaded to Office services such as SharePoint and OneDrive.\nList currently includes 'exe', 'inf', 'gzip', 'cmd', 'bat' file extensions.\nAdditionally, identifies when a given user is uploading these files to another users workspace.\nThis may be indication of a staging location for malware or other malicious activity.",
    "alertRuleTemplateName": "d722831e-88f5-4e25-b106-4ef6e29f8c13"
},
"apiVersion": "2021-09-01-preview"
}
]
}
