{
    "$schema": "https://schema.management.azure.com/schemas/2019-04-01/deploymentTemplate.json#",
    "contentVersion": "1.0.0.0",
    "parameters": {
        "workspace": {
            "type": "String"
        }
    },
    "resources": [
        {
            "id": "[concat(resourceId('Microsoft.OperationalInsights/workspaces/providers', parameters('workspace'), 'Microsoft.SecurityInsights'),'/alertRules/0787cb26-0241-4923-afe5-2f9bdc3b2131')]",
            "name": "[concat(parameters('workspace'),'/Microsoft.SecurityInsights/0787cb26-0241-4923-afe5-2f9bdc3b2131')]",
            "type": "Microsoft.OperationalInsights/workspaces/providers/alertRules",
            "kind": "Scheduled",
            "properties": {
                "incidentConfiguration": {
                    "createIncident": true,
                    "groupingConfiguration": {
                        "enabled": false,
                        "reopenClosedIncident": false,
                        "lookbackDuration": "PT5H",
                        "matchingMethod": "AllEntities",
                    "groupByEntities": [],
                    "groupByAlertDetails": null,
                    "groupByCustomDetails": null
                }
            },
            "queryFrequency": "P1D",
            "queryPeriod": "P7D",
            "triggerOperator": "GreaterThan",
            "triggerThreshold": 0,
            "eventGroupingSettings": {
                "aggregationKind": "SingleAlert"
            },
            "severity": "Medium",
            "query": "let PrivateIPregex = @'^127\\.|^10\\.|^172\\.1[6-9]\\.|^172\\.2[0-9]\\.|^172\\.3[0-1]\\.|^192\\.168\\.'; \nlet avgthreshold = 0;\nlet probabilityLimit = 0.01;\nlet startime = 7d;\nlet ssh_logins = Syslog\n| where TimeGenerated >= ago(startime)\n| where Facility contains \"auth\" and ProcessName =~ \"sshd\"\n| where SyslogMessage has \"Accepted\"\n| extend SourceIP = extract(\"(([0-9]{1,3})\\\\.([0-9]{1,3})\\\\.([0-9]{1,3})\\\\.(([0-9]{1,3})))\",1,SyslogMessage) \n| where isnotempty(SourceIP)\n| extend ipType = iff(SourceIP matches regex PrivateIPregex,\"private\" ,\"public\");\nssh_logins \n| summarize privatecount=countif(ipType==\"private\"), publiccount=countif(ipType==\"public\") by HostName, HostIP, bin(EventTime, 1d)\n| summarize \npublicIPLoginHistory  = make_list(pack('IPCount', publiccount,  'logon_time', EventTime)),\nprivateIPLoginHistory = make_list(pack('IPCount', privatecount, 'logon_time', EventTime)) by HostName, HostIP\n| mv-apply publicIPLoginHistory = publicIPLoginHistory on\n(\n    order by todatetime(publicIPLoginHistory['logon_time']) asc\n    | summarize publicIPLoginCountList=make_list(toint(publicIPLoginHistory['IPCount'])), publicAverage=avg(toint(publicIPLoginHistory['IPCount'])), publicStd=stdev(toint(publicIPLoginHistory['IPCount'])), maxPublicLoginCount=max(toint(publicIPLoginHistory['IPCount']))\n)\n| mv-apply privateIPLoginHistory = privateIPLoginHistory on\n(\n    order by todatetime(privateIPLoginHistory['logon_time']) asc\n    | summarize privateIPLoginCountList=make_list(toint(privateIPLoginHistory['IPCount'])), privateAverage=avg(toint(privateIPLoginHistory['IPCount'])), privateStd=stdev(toint(privateIPLoginHistory['IPCount']))\n)\n// Some logins from private IPs\n| where privateAverage > avgthreshold\n// There is a non-zero number of logins from public IPs\n| where publicAverage > avgthreshold\n// Approximate probability of seeing login from a public IP is < 1%\n| extend probabilityPublic = publicAverage / (privateAverage + publicAverage)\n| where probabilityPublic < probabilityLimit\n// Today has the highest number of logins from public IPs that we've seen in the last week\n| extend publicLoginCountToday = publicIPLoginCountList[-1]\n| where publicLoginCountToday >= maxPublicLoginCount\n| extend HostCustomEntity = HostName\n// Optionally retrieve the original raw data for those logins that we've identified as potentially suspect\n// | join kind=rightsemi (\n//   ssh_logins\n//  | where ipType == \"public\"\n//  ) on HostName",
            "suppressionDuration": "PT5H",
            "suppressionEnabled": false,
            "tactics": [
                "InitialAccess"
            ],
            "displayName": "New internet-exposed SSH endpoints",
            "enabled": true,
            "description": "Looks for SSH endpoints with a history of sign-ins only from private IP addresses are accessed from a public IP address.",
            "alertRuleTemplateName": "4915c713-ab38-432e-800b-8e2d46933de6"
        },
        "apiVersion": "2021-09-01-preview"
    }
]
}
