{
    "$schema": "https://schema.management.azure.com/schemas/2019-04-01/deploymentTemplate.json#",
    "contentVersion": "1.0.0.0",
    "parameters": {
        "workspace": {
            "type": "String"
        }
    },
    "resources": [
        {
            "id": "[concat(resourceId('Microsoft.OperationalInsights/workspaces/providers', parameters('workspace'), 'Microsoft.SecurityInsights'),'/alertRules/ea824877-d8f7-466c-a689-117dd2b9c7e4')]",
            "name": "[concat(parameters('workspace'),'/Microsoft.SecurityInsights/ea824877-d8f7-466c-a689-117dd2b9c7e4')]",
            "type": "Microsoft.OperationalInsights/workspaces/providers/alertRules",
            "kind": "Scheduled",
            "properties": {
                "incidentConfiguration": {
                    "createIncident": true,
                    "groupingConfiguration": {
                        "enabled": false,
                        "reopenClosedIncident": false,
                        "lookbackDuration": "PT5H",
                        "matchingMethod": "AllEntities",
                    "groupByEntities": [],
                    "groupByAlertDetails": null,
                    "groupByCustomDetails": null
                }
            },
            "queryFrequency": "P1D",
            "queryPeriod": "P1D",
            "triggerOperator": "GreaterThan",
            "triggerThreshold": 0,
            "eventGroupingSettings": {
                "aggregationKind": "SingleAlert"
            },
            "severity": "Low",
            "query": "let timeframe = 1d;\nSecurityEvent\n| where TimeGenerated > ago(timeframe) \n| where EventID == 4720\n| where AccountType == \"User\"\n| project CreatedUserTime = TimeGenerated, CreatedUserEventID = EventID, CreatedUserActivity = Activity, Computer = toupper(Computer), \nCreatedUser = tolower(TargetUserName), Domain = toupper(TargetDomainName), CreatedUserSid = TargetSid, AccountUsedToCreateUser = SubjectUserName\n|join (\nSecurityEvent \n| where TimeGenerated > ago(timeframe) \n| where AccountType == \"User\"\n// 4732 - A member was added to a security-enabled local group\n| where EventID == 4732\n//TargetSid is the builin Admins group: S-1-5-32-544\n| where TargetSid == \"S-1-5-32-544\"\n| project GroupAddTime = TimeGenerated, GroupAddEventID = EventID, GroupAddActivity = Activity, Computer = toupper(Computer), GroupName = TargetUserName, \nDomain = toupper(TargetDomainName), GroupSid = TargetSid, UserAdded = SubjectUserName, UserAddedSid = SubjectUserSid, CreatedUser = tolower(SubjectUserName), \nCreatedUserSid = MemberSid\n)\non CreatedUserSid\n//Create User first, then the add to the group.\n| project Computer, CreatedUserTime, CreatedUserEventID, CreatedUserActivity, CreatedUser, CreatedUserSid, Domain, GroupAddTime, GroupAddEventID, \nGroupAddActivity, AccountUsedToCreateUser, GroupName, GroupSid, UserAdded, UserAddedSid \n| extend timestamp = CreatedUserTime, AccountCustomEntity = CreatedUser, HostCustomEntity = Computer",
            "suppressionDuration": "PT5H",
            "suppressionEnabled": false,
            "tactics": [
                "Persistence",
                "PrivilegeEscalation"
            ],
            "displayName": "New user created and added to the built-in administrators group",
            "enabled": true,
            "description": "Identifies when a user account was created and then added to the builtin Administrators group in the same day.\nThis should be monitored closely and all additions reviewed.",
            "alertRuleTemplateName": "aa1eff90-29d4-49dc-a3ea-b65199f516db"
        },
        "apiVersion": "2021-09-01-preview"
    }
]
}
