{
    "$schema": "https://schema.management.azure.com/schemas/2019-04-01/deploymentTemplate.json#",
    "contentVersion": "1.0.0.0",
    "parameters": {
        "workspace": {
            "type": "String"
        }
    },
    "resources": [
        {
            "id": "[concat(resourceId('Microsoft.OperationalInsights/workspaces/providers', parameters('workspace'), 'Microsoft.SecurityInsights'),'/alertRules/1bace53f-753f-4598-899b-b08594cc31db')]",
            "name": "[concat(parameters('workspace'),'/Microsoft.SecurityInsights/1bace53f-753f-4598-899b-b08594cc31db')]",
            "type": "Microsoft.OperationalInsights/workspaces/providers/alertRules",
            "kind": "Scheduled",
            "properties": {
                "incidentConfiguration": {
                    "createIncident": true,
                    "groupingConfiguration": {
                        "enabled": false,
                        "reopenClosedIncident": false,
                        "lookbackDuration": "PT5H",
                        "matchingMethod": "AllEntities",
                    "groupByEntities": [],
                "groupByAlertDetails": [],
            "groupByCustomDetails": []
        }
    },
    "entityMappings": [
        {
            "entityType": "Account",
            "fieldMappings": [
                {
                    "identifier": "FullName",
                    "columnName": "AccountCustomEntity"
                }
            ]
        },
        {
            "entityType": "Host",
            "fieldMappings": [
                {
                    "identifier": "FullName",
                    "columnName": "HostCustomEntity"
                }
            ]
        }
    ],
    "queryFrequency": "PT5M",
    "queryPeriod": "PT5M",
    "triggerOperator": "GreaterThan",
    "triggerThreshold": 0,
    "eventGroupingSettings": {
        "aggregationKind": "SingleAlert"
    },
    "severity": "Medium",
    "query": "SecurityEvent\n| where EventID == 4688\n| where Process =~ 'rundll32.exe' \n| where CommandLine has_all ('Execute','RegRead','window.close')\n| project TimeGenerated, Computer, Account, Process, NewProcessName, CommandLine, ParentProcessName, _ResourceId\n| extend timestamp = TimeGenerated, HostCustomEntity = Computer, AccountCustomEntity = Account",
    "suppressionDuration": "PT5H",
    "suppressionEnabled": false,
    "tactics": [
        "Persistence"
    ],
    "displayName": "NOBELIUM - suspicious rundll32.exe execution of vbscript",
    "enabled": true,
    "description": "This query idenifies when rundll32.exe executes a specific set of inline VBScript commands\n References: https://www.microsoft.com/security/blog/2021/03/04/goldmax-goldfinder-sibot-analyzing-nobelium-malware/",
    "alertRuleTemplateName": "d82e1987-4356-4a7b-bc5e-064f29b143c0"
},
"apiVersion": "2021-09-01-preview"
}
]
}
