{
    "$schema": "https://schema.management.azure.com/schemas/2019-04-01/deploymentTemplate.json#",
    "contentVersion": "1.0.0.0",
    "parameters": {
        "workspace": {
            "type": "String"
        }
    },
    "resources": [
        {
            "id": "[concat(resourceId('Microsoft.OperationalInsights/workspaces/providers', parameters('workspace'), 'Microsoft.SecurityInsights'),'/alertRules/712e34af-4e07-4255-9fb8-04f1d2ca6b64')]",
            "name": "[concat(parameters('workspace'),'/Microsoft.SecurityInsights/712e34af-4e07-4255-9fb8-04f1d2ca6b64')]",
            "type": "Microsoft.OperationalInsights/workspaces/providers/alertRules",
            "kind": "Scheduled",
            "properties": {
                "incidentConfiguration": {
                    "createIncident": true,
                    "groupingConfiguration": {
                        "enabled": false,
                        "reopenClosedIncident": false,
                        "lookbackDuration": "PT5H",
                        "matchingMethod": "AllEntities",
                    "groupByEntities": [],
                "groupByAlertDetails": [],
            "groupByCustomDetails": []
        }
    },
    "entityMappings": [
        {
            "entityType": "Account",
            "fieldMappings": [
                {
                    "identifier": "FullName",
                    "columnName": "AccountCustomEntity"
                }
            ]
        },
        {
            "entityType": "Host",
            "fieldMappings": [
                {
                    "identifier": "FullName",
                    "columnName": "HostCustomEntity"
                }
            ]
        }
    ],
    "queryFrequency": "PT5M",
    "queryPeriod": "PT5M",
    "triggerOperator": "GreaterThan",
    "triggerThreshold": 0,
    "eventGroupingSettings": {
        "aggregationKind": "SingleAlert"
    },
    "severity": "Medium",
    "query": "let cmdTokens0 = dynamic(['vbscript','jscript']);\nlet cmdTokens1 = dynamic(['mshtml','RunHTMLApplication']);\nlet cmdTokens2 = dynamic(['Execute','CreateObject','RegRead','window.close']);\nSecurityEvent\n| where TimeGenerated >= ago(14d)\n| where EventID == 4688\n| where CommandLine has @'\\Microsoft\\Windows\\CurrentVersion'\n| where not(CommandLine has_any (@'\\Software\\Microsoft\\Windows\\CurrentVersion\\Run', @'\\Software\\Microsoft\\Windows\\CurrentVersion\\RunOnce'))\n// If you are receiving false positives, then it may help to make the query more strict by uncommenting one or both of the lines below to refine the matches\n//| where CommandLine has_any (cmdTokens0)\n//| where CommandLine has_all (cmdTokens1)\n| where CommandLine has_all (cmdTokens2)\n| project TimeGenerated, Computer, Account, Process, NewProcessName, CommandLine, ParentProcessName, _ResourceId\n| extend timestamp = TimeGenerated, HostCustomEntity = Computer, AccountCustomEntity = Account",
    "suppressionDuration": "PT5H",
    "suppressionEnabled": false,
    "tactics": [
        "Execution"
    ],
    "displayName": "NOBELIUM - Script payload stored in Registry",
    "enabled": true,
    "description": "This query idenifies when a process execution commandline indicates that a registry value is written to allow for later execution a malicious script\n References: https://www.microsoft.com/security/blog/2021/03/04/goldmax-goldfinder-sibot-analyzing-nobelium-malware/",
    "alertRuleTemplateName": "00cb180c-08a8-4e55-a276-63fb1442d5b5"
},
"apiVersion": "2021-09-01-preview"
}
]
}
