{
    "$schema": "https://schema.management.azure.com/schemas/2019-04-01/deploymentTemplate.json#",
    "contentVersion": "1.0.0.0",
    "parameters": {
        "workspace": {
            "type": "String"
        }
    },
    "resources": [
        {
            "id": "[concat(resourceId('Microsoft.OperationalInsights/workspaces/providers', parameters('workspace'), 'Microsoft.SecurityInsights'),'/alertRules/9850ef16-6d82-4152-891b-bf49a092a916')]",
            "name": "[concat(parameters('workspace'),'/Microsoft.SecurityInsights/9850ef16-6d82-4152-891b-bf49a092a916')]",
            "type": "Microsoft.OperationalInsights/workspaces/providers/alertRules",
            "kind": "Scheduled",
            "properties": {
                "incidentConfiguration": {
                    "createIncident": true,
                    "groupingConfiguration": {
                        "enabled": false,
                        "reopenClosedIncident": false,
                        "lookbackDuration": "PT5H",
                        "matchingMethod": "AllEntities",
                    "groupByEntities": [],
                "groupByAlertDetails": [],
            "groupByCustomDetails": []
        }
    },
    "entityMappings": [
        {
            "entityType": "Account",
            "fieldMappings": [
                {
                    "identifier": "FullName",
                    "columnName": "AccountCustomEntity"
                }
            ]
        },
        {
            "entityType": "Host",
            "fieldMappings": [
                {
                    "identifier": "FullName",
                    "columnName": "HostCustomEntity"
                }
            ]
        },
        {
            "entityType": "IP",
            "fieldMappings": [
                {
                    "identifier": "Address",
                    "columnName": "IPCustomEntity"
                }
            ]
        },
        {
            "entityType": "DNS",
            "fieldMappings": [
                {
                    "identifier": "DomainName",
                    "columnName": "DNSName"
                }
            ]
        }
    ],
    "queryFrequency": "PT5M",
    "queryPeriod": "PT5M",
    "triggerOperator": "GreaterThan",
    "triggerThreshold": 0,
    "eventGroupingSettings": {
        "aggregationKind": "SingleAlert"
    },
    "severity": "Medium",
    "query": "let iocs = externaldata(DateAdded:string,FirstSeen:string,IoC:string,Type:string,TLP:string)\n[@\"https://raw.githubusercontent.com/microsoft/mstic/master/Indicators/May21-NOBELIUM/May21NOBELIUMIoCs.csv\"] with (format=\"csv\", ignoreFirstRecord=True);\nlet sha256s = (iocs | where Type =~ \"SHA256\"| project IoC);\nlet ips = (iocs | where Type =~ \"IP\"| project IoC);\nlet IPList = dynamic([\"192.99.221.77\",\"83.171.237.173\"]);\nlet domains = (iocs | where Type =~ \"Domain\"| project IoC);\nlet IPRegex = '[0-9]{1,3}\\\\.[0-9]{1,3}\\\\.[0-9]{1,3}\\\\.[0-9]{1,3}';\nlet sha256Hashes = dynamic([\"2523f94bd4fba4af76f4411fe61084a7e7d80dec163c9ccba9226c80b8b31252\",\n\"d035d394a82ae1e44b25e273f99eae8e2369da828d6b6fdb95076fd3eb5de142\",\n\"94786066a64c0eb260a28a2959fcd31d63d175ade8b05ae682d3f6f9b2a5a916\",\n\"48b5fb3fa3ea67c2bc0086c41ec755c39d748a7100d71b81f618e82bf1c479f0\",\n\"ee44c0692fd2ab2f01d17ca4b58ca6c7f79388cbc681f885bb17ec946514088c\",\n\"ee42ddacbd202008bcc1312e548e1d9ac670dd3d86c999606a3a01d464a2a330\"]);\n(union isfuzzy=true\n(CommonSecurityLog\n| where SourceIP in (IPList) or DestinationIP in (IPList) or DestinationHostName in~ (domains) or RequestURL has_any (domains) or Message has_any (IPList)\n| parse Message with * '(' DNSName ')' * \n| extend MessageIP = extract(IPRegex, 0, Message)\n| extend IPMatch = case(SourceIP in (IPList), \"SourceIP\", DestinationIP in (IPList), \"DestinationIP\", MessageIP in (IPList), \"Message\", RequestURL in (domains), \"RequestUrl\", SourceIP in (ips), \"SourceIP\", DestinationIP in (ips), \"DestinationIP\", MessageIP in (IPList), \"Message\", \"NoMatch\") \n| extend timestamp = TimeGenerated, IPCustomEntity = case(IPMatch == \"SourceIP\", SourceIP, IPMatch == \"DestinationIP\", DestinationIP, IPMatch == \"Message\", MessageIP, \"NoMatch\"), AccountCustomEntity = SourceUserID\n),\n(DnsEvents\n| where IPAddresses in (IPList) or IPAddresses in (ips) or Name in~ (domains)  \n| extend DestinationIPAddress = IPAddresses, DNSName = Name, Host = Computer\n| extend timestamp = TimeGenerated, IPCustomEntity = DestinationIPAddress, HostCustomEntity = Host\n),\n(VMConnection\n| where SourceIp in (IPList) or DestinationIp in (IPList) or SourceIp in (ips) or DestinationIp in (ips) or RemoteDnsCanonicalNames has_any (domains)\n| parse RemoteDnsCanonicalNames with * '[\"' DNSName '\"]' *\n| extend IPMatch = case( SourceIp in (IPList), \"SourceIP\", DestinationIp in (IPList), \"DestinationIP\",  SourceIp in (ips), \"SourceIP\", DestinationIp in (ips), \"DestinationIP\", \"None\") \n| extend timestamp = TimeGenerated, IPCustomEntity = case(IPMatch == \"SourceIP\", SourceIp, IPMatch == \"DestinationIP\", DestinationIp, \"NoMatch\"), HostCustomEntity = Computer\n),\n(Event\n//This query uses sysmon data depending on table name used this may need updating\n| where Source == \"Microsoft-Windows-Sysmon\"\n| where EventID == 3\n| extend EvData = parse_xml(EventData)\n| extend EventDetail = EvData.DataItem.EventData.Data\n| extend SourceIP = EventDetail.[9].[\"#text\"], DestinationIP = EventDetail.[14].[\"#text\"]\n| where SourceIP in (IPList) or DestinationIP in (IPList) or SourceIP in (ips) or DestinationIP in (ips)\n| extend IPMatch = case( SourceIP in (IPList), \"SourceIP\", DestinationIP in (IPList), \"DestinationIP\", \"None\")\n| extend timestamp = TimeGenerated, AccountCustomEntity = UserName, HostCustomEntity = Computer , IPCustomEntity = case(IPMatch == \"SourceIP\", SourceIP, IPMatch == \"DestinationIP\", DestinationIP, \"None\")\n),  \n(OfficeActivity\n| where ClientIP in (IPList) or ClientIP in (ips)\n| extend timestamp = TimeGenerated, IPCustomEntity = ClientIP, AccountCustomEntity = UserId\n),\n(DeviceNetworkEvents\n| where RemoteUrl has_any (domains) or RemoteIP in (IPList) or RemoteIP in (ips)\n| extend timestamp = TimeGenerated, DNSName = RemoteUrl, IPCustomEntity = RemoteIP, HostCustomEntity = DeviceName\n),\n(WindowsFirewall\n| where SourceIP in (IPList) or DestinationIP in (IPList) or SourceIP in (ips) or DestinationIP in (ips)\n| extend IPMatch = case( SourceIP in (IPList), \"SourceIP\", DestinationIP in (IPList), \"DestinationIP\", SourceIP in (ips), \"SourceIP\", DestinationIP in (ips), \"DestinationIP\", \"None\")\n),\n(AzureDiagnostics\n| where ResourceType == \"AZUREFIREWALLS\"\n| where Category == \"AzureFirewallDnsProxy\"\n| parse msg_s with \"DNS Request: \" ClientIP \":\" ClientPort \" - \" QueryID \" \" Request_Type \" \" Request_Class \" \" Request_Name \". \" Request_Protocol \" \" Request_Size \" \" EDNSO_DO \" \" EDNS0_Buffersize \" \" Responce_Code \" \" Responce_Flags \" \" Responce_Size \" \" Response_Duration\n| where Request_Name has_any (domains)  \n| extend timestamp = TimeGenerated, DNSName = Request_Name, IPCustomEntity = ClientIP\n),\n(AzureDiagnostics \n| where ResourceType == \"AZUREFIREWALLS\"\n| where Category == \"AzureFirewallApplicationRule\"\n| parse msg_s with Protocol 'request from ' SourceHost ':' SourcePort 'to ' DestinationHost ':' DestinationPort '. Action:' Action\n| where isnotempty(DestinationHost)\n| where DestinationHost has_any (domains)  \n| extend timestamp = TimeGenerated, DNSName = DestinationHost, IPCustomEntity = SourceHost\n),\n(Event\n//This query uses sysmon data depending on table name used this may need updating\n| where Source == \"Microsoft-Windows-Sysmon\"\n| extend EvData = parse_xml(EventData)\n| extend EventDetail = EvData.DataItem.EventData.Data\n| where EventDetail has_any (sha256Hashes) or EventDetail has_any (sha256s)\n| parse EventDetail with * 'SHA256=' SHA256 '\",' *\n| extend Type = strcat(Type, \": \", Source), Account = UserName, FileHash = SHA256\n| project Type, TimeGenerated, Computer, Account, FileHash\n),\n(DeviceFileEvents\n| where SHA256 in~ (sha256Hashes) or SHA256 in~ (sha256s)\n| extend Account = RequestAccountName, Computer = DeviceName, IPAddress = RequestSourceIP, CommandLine = InitiatingProcessCommandLine, FileHash = SHA256\n| project Type, TimeGenerated, Computer, Account, IPAddress, CommandLine, FileHash\n),\n(imFileEvent\n| where TargetFileSHA256 in~ (sha256Hashes) or TargetFileSHA256 in~ (sha256s)\n| extend Account = ActorUsername, Computer = DvcHostname, IPAddress = SrcIpAddr, CommandLine = ActingProcessCommandLine, FileHash = TargetFileSHA256\n| project Type, TimeGenerated, Computer, Account, IPAddress, CommandLine, FileHash\n),\n(CommonSecurityLog\n| where FileHash in (sha256Hashes) or FileHash in (sha256s)\n| extend timestamp = TimeGenerated\n)\n)",
    "suppressionDuration": "PT5H",
    "suppressionEnabled": false,
    "tactics": [
        "CommandAndControl",
        "Execution"
    ],
    "displayName": "NOBELIUM - Domain, Hash and IP IOCs - May 2021",
    "enabled": true,
    "description": "Identifies a match across various data feeds for domains, hashes and IP IOCs related to NOBELIUM.\nRef: https://www.microsoft.com/security/blog/2021/05/27/new-sophisticated-email-based-attack-from-nobelium/",
    "alertRuleTemplateName": "677da133-e487-4108-a150-5b926591a92b"
},
"apiVersion": "2021-09-01-preview"
}
]
}
