{
    "$schema": "https://schema.management.azure.com/schemas/2019-04-01/deploymentTemplate.json#",
    "contentVersion": "1.0.0.0",
    "parameters": {
        "workspace": {
            "type": "String"
        }
    },
    "resources": [
        {
            "id": "[concat(resourceId('Microsoft.OperationalInsights/workspaces/providers', parameters('workspace'), 'Microsoft.SecurityInsights'),'/alertRules/6197eff4-b491-4d06-832c-869e28643f40')]",
            "name": "[concat(parameters('workspace'),'/Microsoft.SecurityInsights/6197eff4-b491-4d06-832c-869e28643f40')]",
            "type": "Microsoft.OperationalInsights/workspaces/providers/alertRules",
            "kind": "Scheduled",
            "properties": {
                "incidentConfiguration": {
                    "createIncident": true,
                    "groupingConfiguration": {
                        "enabled": false,
                        "reopenClosedIncident": false,
                        "lookbackDuration": "PT5H",
                        "matchingMethod": "AllEntities",
                    "groupByEntities": [],
                "groupByAlertDetails": [],
            "groupByCustomDetails": []
        }
    },
    "entityMappings": [
        {
            "entityType": "Account",
            "fieldMappings": [
                {
                    "identifier": "FullName",
                    "columnName": "AccountCustomEntity"
                }
            ]
        },
        {
            "entityType": "Host",
            "fieldMappings": [
                {
                    "identifier": "FullName",
                    "columnName": "HostCustomEntity"
                }
            ]
        },
        {
            "entityType": "IP",
            "fieldMappings": [
                {
                    "identifier": "Address",
                    "columnName": "IPCustomEntity"
                }
            ]
        },
        {
            "entityType": "DNS",
            "fieldMappings": [
                {
                    "identifier": "DomainName",
                    "columnName": "DNSName"
                }
            ]
        }
    ],
    "queryFrequency": "PT5M",
    "queryPeriod": "PT5M",
    "triggerOperator": "GreaterThan",
    "triggerThreshold": 0,
    "eventGroupingSettings": {
        "aggregationKind": "SingleAlert"
    },
    "severity": "Medium",
    "query": "let DomainNames = dynamic(['onetechcompany.com', 'reyweb.com', 'srfnetwork.org', 'sense4baby.fr', 'nikeoutletinc.org', 'megatoolkit.com']);\nlet IPList = dynamic(['185.225.69.69']);\nlet IPRegex = '[0-9]{1,3}\\\\.[0-9]{1,3}\\\\.[0-9]{1,3}\\\\.[0-9]{1,3}';\n(union isfuzzy=true\n(CommonSecurityLog\n| where SourceIP in (IPList) or DestinationIP in (IPList) or DestinationHostName in~ (DomainNames) or RequestURL has_any (DomainNames) or Message has_any (IPList)\n| parse Message with * '(' DNSName ')' * \n| extend MessageIP = extract(IPRegex, 0, Message)\n| extend IPMatch = case(SourceIP in (IPList), \"SourceIP\", DestinationIP in (IPList), \"DestinationIP\", MessageIP in (IPList), \"Message\", RequestURL in (DomainNames), \"RequestUrl\", \"NoMatch\") \n| extend timestamp = TimeGenerated, IPCustomEntity = case(IPMatch == \"SourceIP\", SourceIP, IPMatch == \"DestinationIP\", DestinationIP, IPMatch == \"Message\", MessageIP, \"NoMatch\"), AccountCustomEntity = SourceUserID\n),\n(DnsEvents\n| where IPAddresses in (IPList) or Name has_any (DomainNames) \n| extend DestinationIPAddress = IPAddresses, DNSName = Name, Host = Computer\n| extend timestamp = TimeGenerated, IPCustomEntity = DestinationIPAddress, HostCustomEntity = Host\n),\n(imDns\n| where DnsResponseName has_any (IPList) or DnsQuery has_any(DomainNames) \n| extend DestinationIPAddress = DnsResponseName, DNSName = DnsQuery, Host = Dvc\n| extend timestamp = TimeGenerated, IPCustomEntity = DestinationIPAddress, HostCustomEntity = Host\n),\n(VMConnection\n| where SourceIp in (IPList) or DestinationIp in (IPList) or RemoteDnsCanonicalNames has_any (DomainNames)\n| parse RemoteDnsCanonicalNames with * '[\"' DNSName '\"]' *\n| extend IPMatch = case( SourceIp in (IPList), \"SourceIP\", DestinationIp in (IPList), \"DestinationIP\", \"None\") \n| extend timestamp = TimeGenerated, IPCustomEntity = case(IPMatch == \"SourceIP\", SourceIp, IPMatch == \"DestinationIP\", DestinationIp, \"NoMatch\"), HostCustomEntity = Computer\n),\n(OfficeActivity\n| where ClientIP in (IPList)\n| extend timestamp = TimeGenerated, IPCustomEntity = ClientIP, AccountCustomEntity = UserId\n),\n(DeviceNetworkEvents\n| where RemoteUrl has_any (DomainNames) or RemoteIP in (IPList)\n| extend timestamp = TimeGenerated, DNSName = RemoteUrl, IPCustomEntity = RemoteIP, HostCustomEntity = DeviceName\n),\n(AzureDiagnostics\n| where ResourceType == \"AZUREFIREWALLS\"\n| where Category == \"AzureFirewallDnsProxy\"\n| parse msg_s with \"DNS Request: \" ClientIP \":\" ClientPort \" - \" QueryID \" \" Request_Type \" \" Request_Class \" \" Request_Name \". \" Request_Protocol \" \" Request_Size \" \" EDNSO_DO \" \" EDNS0_Buffersize \" \" Responce_Code \" \" Responce_Flags \" \" Responce_Size \" \" Response_Duration\n| where Request_Name has_any (DomainNames)  \n| extend timestamp = TimeGenerated, DNSName = Request_Name, IPCustomEntity = ClientIP\n),\n(AzureDiagnostics \n| where ResourceType == \"AZUREFIREWALLS\"\n| where Category == \"AzureFirewallApplicationRule\"\n| parse msg_s with Protocol 'request from ' SourceHost ':' SourcePort 'to ' DestinationHost ':' DestinationPort '. Action:' Action\n| where isnotempty(DestinationHost)\n| where DestinationHost has_any (DomainNames)  \n| extend timestamp = TimeGenerated, DNSName = DestinationHost, IPCustomEntity = SourceHost\n)\n)",
    "suppressionDuration": "PT5H",
    "suppressionEnabled": false,
    "tactics": [
        "CommandAndControl"
    ],
    "displayName": "NOBELIUM - Domain and IP IOCs - March 2021",
    "enabled": true,
    "description": "Identifies a match across various data feeds for domains and IP IOCs related to NOBELIUM.\n References: https://www.microsoft.com/security/blog/2021/03/04/goldmax-goldfinder-sibot-analyzing-nobelium-malware/",
    "alertRuleTemplateName": "bb8a3481-dd14-4e76-8dcc-bbec8776d695"
},
"apiVersion": "2021-09-01-preview"
}
]
}
