{
    "$schema": "https://schema.management.azure.com/schemas/2019-04-01/deploymentTemplate.json#",
    "contentVersion": "1.0.0.0",
    "parameters": {
        "workspace": {
            "type": "String"
        }
    },
    "resources": [
        {
            "id": "[concat(resourceId('Microsoft.OperationalInsights/workspaces/providers', parameters('workspace'), 'Microsoft.SecurityInsights'),'/alertRules/0d1585af-f3f9-42da-85f3-429954399a9e')]",
            "name": "[concat(parameters('workspace'),'/Microsoft.SecurityInsights/0d1585af-f3f9-42da-85f3-429954399a9e')]",
            "type": "Microsoft.OperationalInsights/workspaces/providers/alertRules",
            "kind": "Scheduled",
            "properties": {
                "incidentConfiguration": {
                    "createIncident": true,
                    "groupingConfiguration": {
                        "enabled": false,
                        "reopenClosedIncident": false,
                        "lookbackDuration": "PT5H",
                        "matchingMethod": "AllEntities",
                    "groupByEntities": [],
                    "groupByAlertDetails": null,
                    "groupByCustomDetails": null
                }
            },
            "queryFrequency": "P1D",
            "queryPeriod": "P1D",
            "triggerOperator": "GreaterThan",
            "triggerThreshold": 0,
            "eventGroupingSettings": {
                "aggregationKind": "SingleAlert"
            },
            "severity": "Medium",
            "query": "let timeframe = 1d;\nOfficeActivity\n| where TimeGenerated >= ago(timeframe)\n| where RecordType =~ \"ExchangeAdmin\"\n| where UserType in~ (\"Admin\",\"DcAdmin\") \n// Only admin or global-admin can disable/remove policy\n| where Operation startswith \"Remove-\" or Operation startswith \"Disable-\"\n| where Operation has_any (\"AntiPhish\", \"SafeAttachment\", \"SafeLinks\", \"Dlp\", \"Audit\")\n| extend ClientIPOnly = case( \nClientIP has \".\", tostring(split(ClientIP,\":\")[0]), \nClientIP has \"[\", tostring(trim_start(@'[[]',tostring(split(ClientIP,\"]\")[0]))),\nClientIP\n)  \n| extend Port = case(\nClientIP has \".\", (split(ClientIP,\":\")[1]),\nClientIP has \"[\", tostring(split(ClientIP,\"]:\")[1]),\nClientIP\n)\n| summarize StartTimeUtc = min(TimeGenerated), EndTimeUtc = max(TimeGenerated), OperationCount = count() by Operation, UserType, UserId, ClientIP = ClientIPOnly, Port, ResultStatus, Parameters\n| extend timestamp = StartTimeUtc, AccountCustomEntity = UserId, IPCustomEntity = ClientIP",
            "suppressionDuration": "PT5H",
            "suppressionEnabled": false,
            "tactics": [
                "Persistence",
                "DefenseEvasion"
            ],
            "displayName": "Office policy tampering",
            "enabled": true,
            "description": "Identifies if any tampering is done to either auditlog, ATP Safelink, SafeAttachment, AntiPhish or Dlp policy. \nAn adversary may use this technique to evade detection or avoid other policy based defenses.\nReferences: https://docs.microsoft.com/powershell/module/exchange/advanced-threat-protection/remove-antiphishrule?view=exchange-ps.",
            "alertRuleTemplateName": "fbd72eb8-087e-466b-bd54-1ca6ea08c6d3"
        },
        "apiVersion": "2021-09-01-preview"
    }
]
}
