{
    "$schema": "https://schema.management.azure.com/schemas/2019-04-01/deploymentTemplate.json#",
    "contentVersion": "1.0.0.0",
    "parameters": {
        "workspace": {
            "type": "String"
        }
    },
    "resources": [
        {
            "id": "[concat(resourceId('Microsoft.OperationalInsights/workspaces/providers', parameters('workspace'), 'Microsoft.SecurityInsights'),'/alertRules/6cd5d3f0-d206-4d40-82dc-59f77800c1b0')]",
            "name": "[concat(parameters('workspace'),'/Microsoft.SecurityInsights/6cd5d3f0-d206-4d40-82dc-59f77800c1b0')]",
            "type": "Microsoft.OperationalInsights/workspaces/providers/alertRules",
            "kind": "Scheduled",
            "properties": {
                "incidentConfiguration": {
                    "createIncident": true,
                    "groupingConfiguration": {
                        "enabled": true,
                        "reopenClosedIncident": false,
                        "lookbackDuration": "PT5M",
                        "matchingMethod": "Selected",
                        "groupByEntities": [
                            "IP"
                        ],
                        "groupByAlertDetails": [
                            "DisplayName"
                        ],
                        "groupByCustomDetails": null
                    }
                },
                "customDetails": {
                    "Protocol": "Protocol",
                    "Sensor": "DeviceId"
                },
                "entityMappings": [
                    {
                        "entityType": "IP",
                        "fieldMappings": [
                            {
                                "identifier": "Address",
                                "columnName": "SourceDeviceAddress"
                            }
                        ]
                    },
                    {
                        "entityType": "IP",
                        "fieldMappings": [
                            {
                                "identifier": "Address",
                                "columnName": "DestDeviceAddress"
                            }
                        ]
                    }
                ],
                "alertDetailsOverride": {
                    "alertDisplayNameFormat": "(MDIoT) {{AlertName}}",
                    "alertDescriptionFormat": "(MDIoT) {{Description}}",
                    "alertTacticsColumnName": "Tactics",
                    "alertSeverityColumnName": "AlertSeverity"
                },
                "queryFrequency": "PT1H",
                "queryPeriod": "PT1H",
                "triggerOperator": "GreaterThan",
                "triggerThreshold": 0,
                "eventGroupingSettings": {
                    "aggregationKind": "AlertPerResult"
                },
                "severity": "Medium",
                "query": "SecurityAlert\n| where ProductName == \"Azure Security Center for IoT\"\n| where AlertName == \"An S7 Stop PLC Command was Sent\"\nor AlertName == \"Controller Reset\"\nor AlertName == \"Controller Stop\"\nor AlertName == \"Excessive Restart Rate of an Outstation\"\nor AlertName == \"GE SRTP Stop PLC Command was Sent\"\nor AlertName == \"Outstation Restarted\"\nor AlertName == \"Outstation Restarts Frequently\"\nor AlertName == \"Profinet Device Factory Reset\"\nor AlertName == \"Slave Device Unrecoverable Failure\"\nor AlertName == \"Suspicion of Hardware Problems in Outstation\"\n| extend DeviceId = tostring(parse_json(ExtendedProperties).DeviceId)\n| extend SourceDeviceAddress = tostring(parse_json(ExtendedProperties).SourceDeviceAddress)\n| extend DestDeviceAddress = tostring(parse_json(ExtendedProperties).DestinationDeviceAddress)\n| extend RemediationSteps = tostring(parse_json(RemediationSteps)[0])\n| extend Protocol = tostring(parse_json(ExtendedProperties).Protocol)\n| project\n  TimeGenerated,\n  DeviceId,\n  ProductName,\n  ProductComponentName,\n  AlertSeverity,\n  AlertName,\n  Description,\n  Protocol,\n  SourceDeviceAddress,\n  DestDeviceAddress,\n  RemediationSteps,\n  Tactics,\n  AlertLink\n",
                "suppressionDuration": "PT1H",
                "suppressionEnabled": false,
                "tactics": [
                    "Impact"
                ],
                "displayName": "PLC Stop Command (Microsoft Defender for IoT)",
                "enabled": true,
                "description": "This alert leverages Defender for IoT to detect PLC stop commands which could indicate improper configuration or malicious activity on the network such as a threat manipulating PLC programming to affect the function of the network.",
                "alertRuleTemplateName": null
            },
            "apiVersion": "2021-09-01-preview"
        }
    ]
}
