{
    "$schema": "https://schema.management.azure.com/schemas/2019-04-01/deploymentTemplate.json#",
    "contentVersion": "1.0.0.0",
    "parameters": {
        "workspace": {
            "type": "String"
        }
    },
    "resources": [
        {
            "id": "[concat(resourceId('Microsoft.OperationalInsights/workspaces/providers', parameters('workspace'), 'Microsoft.SecurityInsights'),'/alertRules/5a4a46b6-c5fb-4b46-89f8-29dad3f65573')]",
            "name": "[concat(parameters('workspace'),'/Microsoft.SecurityInsights/5a4a46b6-c5fb-4b46-89f8-29dad3f65573')]",
            "type": "Microsoft.OperationalInsights/workspaces/providers/alertRules",
            "kind": "Scheduled",
            "properties": {
                "incidentConfiguration": {
                    "createIncident": true,
                    "groupingConfiguration": {
                        "enabled": true,
                        "reopenClosedIncident": false,
                        "lookbackDuration": "PT5M",
                        "matchingMethod": "Selected",
                        "groupByEntities": [
                            "IP"
                        ],
                        "groupByAlertDetails": [
                            "DisplayName"
                        ],
                        "groupByCustomDetails": null
                    }
                },
                "customDetails": {
                    "Protocol": "Protocol",
                    "Sensor": "DeviceId"
                },
                "entityMappings": [
                    {
                        "entityType": "IP",
                        "fieldMappings": [
                            {
                                "identifier": "Address",
                                "columnName": "SourceDeviceAddress"
                            }
                        ]
                    },
                    {
                        "entityType": "IP",
                        "fieldMappings": [
                            {
                                "identifier": "Address",
                                "columnName": "DestDeviceAddress"
                            }
                        ]
                    }
                ],
                "alertDetailsOverride": {
                    "alertDisplayNameFormat": "(MDIoT) {{AlertName}}",
                    "alertDescriptionFormat": "(MDIoT) {{Description}}",
                    "alertTacticsColumnName": "Tactics",
                    "alertSeverityColumnName": "AlertSeverity"
                },
                "queryFrequency": "PT3H",
                "queryPeriod": "PT3H",
                "triggerOperator": "GreaterThan",
                "triggerThreshold": 0,
                "eventGroupingSettings": {
                    "aggregationKind": "AlertPerResult"
                },
                "severity": "Low",
                "query": "SecurityAlert\n| where ProductName == \"Azure Security Center for IoT\"\n| where AlertName contains \"PLC Operating Mode Changed\"\n| extend DeviceId = tostring(parse_json(ExtendedProperties).DeviceId)\n| extend SourceDeviceAddress = tostring(parse_json(ExtendedProperties).SourceDeviceAddress)\n| extend DestDeviceAddress = tostring(parse_json(ExtendedProperties).DestinationDeviceAddress)\n| extend RemediationSteps = tostring(parse_json(RemediationSteps)[0])\n| extend Protocol = tostring(parse_json(ExtendedProperties).Protocol)\n| project\n  TimeGenerated,\n  DeviceId,\n  ProductName,\n  ProductComponentName,\n  AlertSeverity,\n  AlertName,\n  Description,\n  Protocol,\n  SourceDeviceAddress,\n  DestDeviceAddress,\n  RemediationSteps,\n  Tactics,\n  AlertLink\n",
                "suppressionDuration": "PT1H",
                "suppressionEnabled": false,
                "tactics": [
                    "Execution"
                ],
                "displayName": "PLC unsecure key state (Microsoft Defender for IoT)",
                "enabled": true,
                "description": "This alert leverages Defender for IoT to detect PLC operating mode changes indicating the PLC is potentially insecure. If the PLC is compromised, devices that interact with it may be impacted. This may affect overall system security and safety.",
                "alertRuleTemplateName": null
            },
            "apiVersion": "2021-09-01-preview"
        }
    ]
}
