{
    "$schema": "https://schema.management.azure.com/schemas/2019-04-01/deploymentTemplate.json#",
    "contentVersion": "1.0.0.0",
    "parameters": {
        "workspace": {
            "type": "String"
        }
    },
    "resources": [
        {
            "id": "[concat(resourceId('Microsoft.OperationalInsights/workspaces/providers', parameters('workspace'), 'Microsoft.SecurityInsights'),'/alertRules/8cd66cb1-a7e5-4a7a-8b98-8c4ac5c331c3')]",
            "name": "[concat(parameters('workspace'),'/Microsoft.SecurityInsights/8cd66cb1-a7e5-4a7a-8b98-8c4ac5c331c3')]",
            "type": "Microsoft.OperationalInsights/workspaces/providers/alertRules",
            "kind": "Scheduled",
            "properties": {
                "incidentConfiguration": {
                    "createIncident": true,
                    "groupingConfiguration": {
                        "enabled": false,
                        "reopenClosedIncident": false,
                        "lookbackDuration": "PT5H",
                        "matchingMethod": "AllEntities",
                    "groupByEntities": [],
                    "groupByAlertDetails": null,
                    "groupByCustomDetails": null
                }
            },
            "queryFrequency": "P7D",
            "queryPeriod": "P14D",
            "triggerOperator": "GreaterThan",
            "triggerThreshold": 0,
            "eventGroupingSettings": {
                "aggregationKind": "SingleAlert"
            },
            "severity": "Low",
            "query": "let detectionTime = 30d;\nlet IPs = dynamic ([\"199.249.230.\",\"185.220.101.\",\"23.129.64.\",\"109.70.100.\",\"185.220.102.\"]);\nOfficeActivity\n| where TimeGenerated > ago(detectionTime)\n| where RecordType in (\"AzureActiveDirectoryAccountLogon\", \"AzureActiveDirectoryStsLogon\") \n| where Operation != 'UserLoggedIn'\n| extend UserAgent = iff(parse_json(ExtendedProperties)[0].Name =~ \"UserAgent\", extractjson(\"$[0].Value\", ExtendedProperties, typeof(string)),\"\")\n| mv-expand parse_json(ExtendedProperties)\n| where ExtendedProperties.Name =~ \"RequestType\"\n| extend RequestType = ExtendedProperties.Value\n| where ClientIP has_any (IPs)\n| summarize authAttempts=dcount(TimeGenerated), firstAttempt=min(TimeGenerated), lastAttempt=max(TimeGenerated), uniqueIPs=dcount(ClientIP), uniqueAccounts=dcount(UserId), attemptedAccounts=make_set(UserId) by UserAgent\n| where authAttempts > 2500\n| extend timestamp = firstAttempt\n| sort by uniqueAccounts",
            "suppressionDuration": "PT5H",
            "suppressionEnabled": false,
            "tactics": [
                "CredentialAccess"
            ],
            "displayName": "Possible STRONTIUM attempted credential harvesting",
            "enabled": true,
            "description": "Surfaces potential STRONTIUM group Office365 credential harvesting attempts within OfficeActivity Logon events.\nReferences: https://www.microsoft.com/security/blog/2020/09/10/strontium-detecting-new-patters-credential-harvesting/.",
            "alertRuleTemplateName": "04384937-e927-4595-8f3c-89ff58ed231f"
        },
        "apiVersion": "2021-09-01-preview"
    }
]
}
