{
    "$schema": "https://schema.management.azure.com/schemas/2019-04-01/deploymentTemplate.json#",
    "contentVersion": "1.0.0.0",
    "parameters": {
        "workspace": {
            "type": "String"
        }
    },
    "resources": [
        {
            "id": "[concat(resourceId('Microsoft.OperationalInsights/workspaces/providers', parameters('workspace'), 'Microsoft.SecurityInsights'),'/alertRules/9ba0ecb5-b4b8-41ca-8b7a-3d8f319e150f')]",
            "name": "[concat(parameters('workspace'),'/Microsoft.SecurityInsights/9ba0ecb5-b4b8-41ca-8b7a-3d8f319e150f')]",
            "type": "Microsoft.OperationalInsights/workspaces/providers/alertRules",
            "kind": "Scheduled",
            "properties": {
                "incidentConfiguration": {
                    "createIncident": true,
                    "groupingConfiguration": {
                        "enabled": false,
                        "reopenClosedIncident": false,
                        "lookbackDuration": "PT5H",
                        "matchingMethod": "AllEntities",
                    "groupByEntities": [],
                "groupByAlertDetails": [],
            "groupByCustomDetails": []
        }
    },
    "queryFrequency": "PT5M",
    "queryPeriod": "PT5M",
    "triggerOperator": "GreaterThan",
    "triggerThreshold": 0,
    "eventGroupingSettings": {
        "aggregationKind": "SingleAlert"
    },
    "severity": "Low",
    "query": "let User_Agents = dynamic ([\"Mozilla/5.0 (Windows NT 10.0; Win64; x64) AppleWebKit/537.36 (KHTML, like Gecko) Chrome/70\", \n\"Mozilla/5.0 (Macintosh; Intel Mac OS X 10_14_1) AppleWebKit/605.1.15 (KHTML, like Gecko) Version/12.0.1 Safari/605.1.15\", \n\"Mozilla/5.0 (Windows NT 10.0; Win64; x64; rv:63.0) Gecko/20100101 Firefox/63.0\", \n\"Mozilla/5.0 (Windows NT 10.0; Win64; x64) AppleWebKit/537.36 (KHTML, like Gecko) Chrome/70.0.3538.110 Safari/537.36\", \n\"Mozilla/5.0 (Windows NT 6.1; Win64; x64) AppleWebKit/537.36 (KHTML, like Gecko) Chrome/70.0.3538.110 Safari/537.36\"]);\nOfficeActivity\n| where RecordType in (\"AzureActiveDirectoryAccountLogon\", \"AzureActiveDirectoryStsLogon\") \n| where Operation != 'UserLoggedIn'\n| extend UserAgent = iff(parse_json(ExtendedProperties)[0].Name =~ \"UserAgent\", extractjson(\"$[0].Value\", ExtendedProperties, typeof(string)),\"\")\n| mv-expand parse_json(ExtendedProperties)\n| where ExtendedProperties.Name =~ \"RequestType\"\n| extend RequestType = todynamic(ExtendedProperties).Value\n| where UserAgent =~ \"ms-office\" or UserAgent has_any (User_Agents)\n| summarize authAttempts=dcount(TimeGenerated), firstAttempt=min(TimeGenerated), lastAttempt=max(TimeGenerated), uniqueIPs=dcount(ClientIP), uniqueAccounts=dcount(UserId), attemptedAccounts=make_set(UserId) by UserAgent\n| where authAttempts > 500\n| extend timestamp = firstAttempt\n| sort by uniqueAccounts",
    "suppressionDuration": "PT5H",
    "suppressionEnabled": false,
    "tactics": [
        "CredentialAccess"
    ],
    "displayName": "Possible STRONTIUM attempted credential harvesting - Oct 2020",
    "enabled": true,
    "description": "Surfaces potential STRONTIUM group Office365 credential harvesting attempts within OfficeActivity Logon events.",
    "alertRuleTemplateName": "68271db2-cbe9-4009-b1d3-bb3b5fe5713c"
},
"apiVersion": "2021-09-01-preview"
}
]
}
