{
    "$schema": "https://schema.management.azure.com/schemas/2019-04-01/deploymentTemplate.json#",
    "contentVersion": "1.0.0.0",
    "parameters": {
        "workspace": {
            "type": "String"
        }
    },
    "resources": [
        {
            "id": "[concat(resourceId('Microsoft.OperationalInsights/workspaces/providers', parameters('workspace'), 'Microsoft.SecurityInsights'),'/alertRules/0278b2d5-bb5b-4247-9383-50a360df558b')]",
            "name": "[concat(parameters('workspace'),'/Microsoft.SecurityInsights/0278b2d5-bb5b-4247-9383-50a360df558b')]",
            "type": "Microsoft.OperationalInsights/workspaces/providers/alertRules",
            "kind": "Scheduled",
            "properties": {
                "incidentConfiguration": {
                    "createIncident": true,
                    "groupingConfiguration": {
                        "enabled": false,
                        "reopenClosedIncident": false,
                        "lookbackDuration": "PT5H",
                        "matchingMethod": "AllEntities",
                    "groupByEntities": [],
                    "groupByAlertDetails": null,
                    "groupByCustomDetails": null
                }
            },
            "queryFrequency": "PT1H",
            "queryPeriod": "P1D",
            "triggerOperator": "GreaterThan",
            "triggerThreshold": 0,
            "eventGroupingSettings": {
                "aggregationKind": "SingleAlert"
            },
            "severity": "Medium",
            "query": "let starttime = 1d;\nlet endtime = 1h;\nlet prev23hThreshold = 4;\nlet prev1hThreshold = 15;\nlet Kerbevent =\nSecurityEvent\n| where TimeGenerated >= ago(starttime)\n| where EventID == 4769\n| parse EventData with * 'TicketEncryptionType\">' TicketEncryptionType \"<\" *\n| where TicketEncryptionType == '0x17'\n| parse EventData with * 'TicketOptions\">' TicketOptions \"<\" *\n| where TicketOptions == '0x40810000'\n| parse EventData with * 'Status\">' Status \"<\" *\n| where Status == '0x0'\n| parse EventData with * 'ServiceName\">' ServiceName \"<\" *\n| where ServiceName !contains \"$\" and ServiceName !contains \"krbtgt\" \n| parse EventData with * 'TargetUserName\">' TargetUserName \"<\" *\n| where TargetUserName !contains \"$@\" and TargetUserName !contains ServiceName\n| parse EventData with * 'IpAddress\">::ffff:' ClientIPAddress \"<\" *;\nlet Kerbevent23h = Kerbevent\n| where TimeGenerated >= ago(starttime) and TimeGenerated < ago(endtime)\n| summarize ServiceNameCountPrev23h = dcount(ServiceName), ServiceNameSet23h = makeset(ServiceName) \nby Computer, TargetUserName, ClientIPAddress, TicketOptions, TicketEncryptionType, Status\n| where ServiceNameCountPrev23h < prev23hThreshold;\nlet Kerbevent1h = \nKerbevent\n| where TimeGenerated >= ago(endtime)\n| summarize min(TimeGenerated), max(TimeGenerated), ServiceNameCountPrev1h = dcount(ServiceName), ServiceNameSet1h = makeset(ServiceName) \nby Computer, TargetUserName, ClientIPAddress, TicketOptions, TicketEncryptionType, Status;\nKerbevent1h \n| join kind=leftanti\n(\nKerbevent23h\n) on TargetUserName\n// Threshold value set above is based on testing, this value may need to be changed for your environment.\n| where ServiceNameCountPrev1h > prev1hThreshold\n| project StartTimeUtc = min_TimeGenerated, EndTimeUtc = max_TimeGenerated, TargetUserName, Computer, ClientIPAddress, TicketOptions, \nTicketEncryptionType, Status, ServiceNameCountPrev1h, ServiceNameSet1h\n| extend timestamp = StartTimeUtc, AccountCustomEntity = TargetUserName, HostCustomEntity = Computer, IPCustomEntity = ClientIPAddress",
            "suppressionDuration": "PT5H",
            "suppressionEnabled": false,
            "tactics": [
                "CredentialAccess"
            ],
            "displayName": "Potential Kerberoasting",
            "enabled": true,
            "description": "A service principal name (SPN) is used to uniquely identify a service instance in a Windows environment. \nEach SPN is usually associated with a service account. Organizations may have used service accounts with weak passwords in their environment. \nAn attacker can try requesting Kerberos ticket-granting service (TGS) service tickets for any SPN from a domain controller (DC) which contains \na hash of the Service account. This can then be used for offline cracking. This hunting query looks for accounts that are generating excessive \nrequests to different resources within the last hour compared with the previous 24 hours.  Normal users would not make an unusually large number \nof request within a small time window. This is based on 4769 events which can be very noisy so environment based tweaking might be needed.",
            "alertRuleTemplateName": "1572e66b-20a7-4012-9ec4-77ec4b101bc8"
        },
        "apiVersion": "2021-09-01-preview"
    }
]
}
