{
    "$schema": "https://schema.management.azure.com/schemas/2019-04-01/deploymentTemplate.json#",
    "contentVersion": "1.0.0.0",
    "parameters": {
        "workspace": {
            "type": "String"
        }
    },
    "resources": [
        {
            "id": "[concat(resourceId('Microsoft.OperationalInsights/workspaces/providers', parameters('workspace'), 'Microsoft.SecurityInsights'),'/alertRules/086f42b2-2602-46df-9d33-32746ffdeddc')]",
            "name": "[concat(parameters('workspace'),'/Microsoft.SecurityInsights/086f42b2-2602-46df-9d33-32746ffdeddc')]",
            "type": "Microsoft.OperationalInsights/workspaces/providers/alertRules",
            "kind": "Scheduled",
            "properties": {
                "incidentConfiguration": {
                    "createIncident": true,
                    "groupingConfiguration": {
                        "enabled": false,
                        "reopenClosedIncident": false,
                        "lookbackDuration": "PT5H",
                        "matchingMethod": "AllEntities",
                    "groupByEntities": [],
                "groupByAlertDetails": [],
            "groupByCustomDetails": []
        }
    },
    "entityMappings": [
        {
            "entityType": "Host",
            "fieldMappings": [
                {
                    "identifier": "FullName",
                    "columnName": "HostCustomEntity"
                }
            ]
        }
    ],
    "queryFrequency": "PT5M",
    "queryPeriod": "PT5M",
    "triggerOperator": "GreaterThan",
    "triggerThreshold": 0,
    "eventGroupingSettings": {
        "aggregationKind": "SingleAlert"
    },
    "severity": "Medium",
    "query": "// How far back to look for events from\nlet timeframe = 1d;\n// How close together build events and file modifications should occur to alert (make this smaller to reduce FPs)\nlet time_window = 5m;\n// Edit this to include build processes used\nlet build_processes = dynamic([\"MSBuild.exe\", \"dotnet.exe\", \"VBCSCompiler.exe\"]);\n// Include any processes that you want to allow to edit files during/around the build process\nlet allow_list = dynamic([]);\nDeviceProcessEvents\n| where TimeGenerated > ago(timeframe)\n// Look for build process starts\n| where FileName has_any (build_processes)\n| summarize by BuildParentProcess=InitiatingProcessFileName, BuildProcess=FileName, BuildAccount = AccountName, DeviceName, BuildCommand=ProcessCommandLine, timekey= bin(TimeGenerated, time_window), BuildProcessTime=TimeGenerated\n| join kind=inner(\nDeviceFileEvents\n| where TimeGenerated > ago(timeframe)\n| where InitiatingProcessFileName !in (allow_list)\n| where ActionType == \"FileCreated\"  or ActionType == \"FileModified\"\n// Look for code files, edit this to include file extensions used in build.\n| where FileName endswith \".cs\" or FileName endswith \".cpp\"\n| summarize by FileEditParentProcess=InitiatingProcessParentFileName, FileEditAccount = InitiatingProcessAccountName, DeviceName, FileEdited=FileName, FileEditProcess=InitiatingProcessFileName, timekey= bin(TimeGenerated, time_window), FileEditTime=TimeGenerated)\n// join where build processes and file modifications seen at same time on same host\non timekey, DeviceName\n// Limit to only where the file edit happens after the build process starts\n| where BuildProcessTime <= FileEditTime\n| summarize make_set(FileEdited), make_set(FileEditProcess), make_set(FileEditAccount) by timekey, DeviceName, BuildParentProcess, BuildProcess\n| extend HostCustomEntity=DeviceName, timestamp=timekey",
    "suppressionDuration": "PT5H",
    "suppressionEnabled": false,
    "tactics": [
        "Persistence"
    ],
    "displayName": "Potential Build Process Compromise - MDE",
    "enabled": true,
    "description": "The query looks for source code files being modified immediately after a build process is started. The purpose of this is to look for malicious code injection during the build process. This query uses Microsoft Defender for Endpoint telemetry.\nMore details: https://techcommunity.microsoft.com/t5/azure-sentinel/monitoring-the-software-supply-chain-with-azure-sentinel/ba-p/2176463",
    "alertRuleTemplateName": "1bf6e165-5e32-420e-ab4f-0da8558a8be2"
},
"apiVersion": "2021-09-01-preview"
}
]
}
