{
    "$schema": "https://schema.management.azure.com/schemas/2019-04-01/deploymentTemplate.json#",
    "contentVersion": "1.0.0.0",
    "parameters": {
        "workspace": {
            "type": "String"
        }
    },
    "resources": [
        {
            "id": "[concat(resourceId('Microsoft.OperationalInsights/workspaces/providers', parameters('workspace'), 'Microsoft.SecurityInsights'),'/alertRules/e5795648-4c21-4d6a-9d68-9104219a7c20')]",
            "name": "[concat(parameters('workspace'),'/Microsoft.SecurityInsights/e5795648-4c21-4d6a-9d68-9104219a7c20')]",
            "type": "Microsoft.OperationalInsights/workspaces/providers/alertRules",
            "kind": "Scheduled",
            "properties": {
                "incidentConfiguration": {
                    "createIncident": true,
                    "groupingConfiguration": {
                        "enabled": false,
                        "reopenClosedIncident": false,
                        "lookbackDuration": "PT5H",
                        "matchingMethod": "AllEntities",
                    "groupByEntities": [],
                    "groupByAlertDetails": null,
                    "groupByCustomDetails": null
                }
            },
            "queryFrequency": "P1D",
            "queryPeriod": "P1D",
            "triggerOperator": "GreaterThan",
            "triggerThreshold": 0,
            "eventGroupingSettings": {
                "aggregationKind": "SingleAlert"
            },
            "severity": "Medium",
            "query": "let timeframe = 1d;\nlet regexEmpire = @\"SetDelay|GetDelay|Set-LostLimit|Get-LostLimit|Set-Killdate|Get-Killdate|Set-WorkingHours|Get-WorkingHours|Get-Sysinfo|Add-Servers|Invoke-ShellCommand|Start-AgentJob|Update-Profile|Get-FilePart|Encrypt-Bytes|Decrypt-Bytes|Encode-Packet|Decode-Packet|Send-Message|Process-Packet|Process-Tasking|Get-Task|Start-Negotiate|Invoke-DllInjection|Invoke-ReflectivePEInjection|Invoke-Shellcode|Invoke-ShellcodeMSIL|Get-ChromeDump|Get-ClipboardContents|Get-IndexedItem|Get-Keystrokes|Invoke-Inveigh|Invoke-NetRipper|local:Invoke-PatchDll|Invoke-NinjaCopy|Get-Win32Types|Get-Win32Constants|Get-Win32Functions|Sub-SignedIntAsUnsigned|Add-SignedIntAsUnsigned|Compare-Val1GreaterThanVal2AsUInt|Convert-UIntToInt|Test-MemoryRangeValid|Write-BytesToMemory|Get-DelegateType|Get-ProcAddress|Enable-SeDebugPrivilege|Invoke-CreateRemoteThread|Get-ImageNtHeaders|Get-PEBasicInfo|Get-PEDetailedInfo|Import-DllInRemoteProcess|Get-RemoteProcAddress|Copy-Sections|Update-MemoryAddresses|Import-DllImports|Get-VirtualProtectValue|Update-MemoryProtectionFlags|Update-ExeFunctions|Copy-ArrayOfMemAddresses|Get-MemoryProcAddress|Invoke-MemoryLoadLibrary|Invoke-MemoryFreeLibrary|Out-Minidump|Get-VaultCredential|Invoke-DCSync|Translate-Name|Get-NetDomain|Get-NetForest|Get-NetForestDomain|Get-DomainSearcher|Get-NetComputer|Get-NetGroupMember|Get-NetUser|Invoke-Mimikatz|Invoke-PowerDump|Invoke-TokenManipulation|Exploit-JMXConsole|Exploit-JBoss|Invoke-Thunderstruck|Invoke-VoiceTroll|Set-WallPaper|Invoke-PsExec|Invoke-SSHCommand|Invoke-PSInject|Invoke-RunAs|Invoke-SendMail|Invoke-Rule|Get-OSVersion|Select-EmailItem|View-Email|Get-OutlookFolder|Get-EmailItems|Invoke-MailSearch|Get-SubFolders|Get-GlobalAddressList|Invoke-SearchGAL|Get-SMTPAddress|Disable-SecuritySettings|Reset-SecuritySettings|Get-OutlookInstance|New-HoneyHash|Set-MacAttribute|Invoke-PatchDll|Get-SecurityPackages|Install-SSP|Invoke-BackdoorLNK|New-ElevatedPersistenceOption|New-UserPersistenceOption|Add-Persistence|Invoke-CallbackIEX|Add-PSFirewallRules|Invoke-EventLoop|Invoke-PortBind|Invoke-DNSLoop|Invoke-PacketKnock|Invoke-CallbackLoop|Invoke-BypassUAC|Get-DecryptedCpassword|Get-GPPInnerFields|Invoke-WScriptBypassUAC|Get-ModifiableFile|Get-ServiceUnquoted|Get-ServiceFilePermission|Get-ServicePermission|Invoke-ServiceUserAdd|Invoke-ServiceCMD|Write-UserAddServiceBinary|Write-CMDServiceBinary|Write-ServiceEXE|Write-ServiceEXECMD|Restore-ServiceEXE|Invoke-ServiceStart|Invoke-ServiceStop|Invoke-ServiceEnable|Invoke-ServiceDisable|Get-ServiceDetail|Find-DLLHijack|Find-PathHijack|Write-HijackDll|Get-RegAlwaysInstallElevated|Get-RegAutoLogon|Get-VulnAutoRun|Get-VulnSchTask|Get-UnattendedInstallFile|Get-Webconfig|Get-ApplicationHost|Write-UserAddMSI|Invoke-AllChecks|Invoke-ThreadedFunction|Test-Login|Get-UserAgent|Test-Password|Get-ComputerDetails|Find-4648Logons|Find-4624Logons|Find-AppLockerLogs|Find-PSScriptsInPSAppLog|Find-RDPClientConnections|Get-SystemDNSServer|Invoke-Paranoia|Invoke-WinEnum{|Get-SPN|Invoke-ARPScan|Invoke-Portscan|Invoke-ReverseDNSLookup|Invoke-SMBScanner|New-InMemoryModule|Add-Win32Type|Export-PowerViewCSV|Get-MacAttribute|Copy-ClonedFile|Get-IPAddress|Convert-NameToSid|Convert-SidToName|Convert-NT4toCanonical|Get-Proxy|Get-PathAcl|Get-NameField|Convert-LDAPProperty|Get-NetDomainController|Add-NetUser|Add-NetGroupUser|Get-UserProperty|Find-UserField|Get-UserEvent|Get-ObjectAcl|Add-ObjectAcl|Invoke-ACLScanner|Get-GUIDMap|Get-ADObject|Set-ADObject|Get-ComputerProperty|Find-ComputerField|Get-NetOU|Get-NetSite|Get-NetSubnet|Get-DomainSID|Get-NetGroup|Get-NetFileServer|SplitPath|Get-DFSshare|Get-DFSshareV1|Get-DFSshareV2|Get-GptTmpl|Get-GroupsXML|Get-NetGPO|Get-NetGPOGroup|Find-GPOLocation|Find-GPOComputerAdmin|Get-DomainPolicy|Get-NetLocalGroup|Get-NetShare|Get-NetLoggedon|Get-NetSession|Get-NetRDPSession|Invoke-CheckLocalAdminAccess|Get-LastLoggedOn|Get-NetProcess|Find-InterestingFile|Invoke-CheckWrite|Invoke-UserHunter|Invoke-StealthUserHunter|Invoke-ProcessHunter|Invoke-EventHunter|Invoke-ShareFinder|Invoke-FileFinder|Find-LocalAdminAccess|Get-ExploitableSystem|Invoke-EnumerateLocalAdmin|Get-NetDomainTrust|Get-NetForestTrust|Find-ForeignUser|Find-ForeignGroup|Invoke-MapDomainTrust|Get-Hex|Create-RemoteThread|Get-FoxDump|Decrypt-CipherText|Get-Screenshot|Start-HTTP-Server|Local:Invoke-CreateRemoteThread|Local:Get-Win32Functions|Local:Inject-NetRipper|GetCommandLine|ElevatePrivs|Get-RegKeyClass|Get-BootKey|Get-HBootKey|Get-UserName|Get-UserHashes|DecryptHashes|DecryptSingleHash|Get-UserKeys|DumpHashes|Enable-SeAssignPrimaryTokenPrivilege|Enable-Privilege|Set-DesktopACLs|Set-DesktopACLToAllowEveryone|Get-PrimaryToken|Get-ThreadToken|Get-TokenInformation|Get-UniqueTokens|Find-GPOLocation|Find-GPOComputerAdmin|Get-DomainPolicy|Get-NetLocalGroup|Get-NetShare|Get-NetLoggedon|Get-NetSession|Get-NetRDPSession|Invoke-CheckLocalAdminAccess|Get-LastLoggedOn|Get-NetProcess|Find-InterestingFile|Invoke-CheckWrite|Invoke-UserHunter|Invoke-StealthUserHunter|Invoke-ProcessHunter|Invoke-EventHunter|Invoke-ShareFinder|Invoke-FileFinder|Find-LocalAdminAccess|Get-ExploitableSystem|Invoke-EnumerateLocalAdmin|Get-NetDomainTrust|Get-NetForestTrust|Find-ForeignUser|Find-ForeignGroup|Invoke-MapDomainTrust|Get-Hex|Create-RemoteThread|Get-FoxDump|Decrypt-CipherText|Get-Screenshot|Start-HTTP-Server|Local:Invoke-CreateRemoteThread|Local:Get-Win32Functions|Local:Inject-NetRipper|GetCommandLine|ElevatePrivs|Get-RegKeyClass|Get-BootKey|Get-HBootKey|Get-UserName|Get-UserHashes|DecryptHashes|DecryptSingleHash|Get-UserKeys|DumpHashes|Enable-SeAssignPrimaryTokenPrivilege|Enable-Privilege|Set-DesktopACLs|Set-DesktopACLToAllowEveryone|Get-PrimaryToken|Get-ThreadToken|Get-TokenInformation|Get-UniqueTokens|Invoke-ImpersonateUser|Create-ProcessWithToken|Free-AllTokens|Enum-AllTokens|Invoke-RevertToSelf|Set-Speaker(\\$Volume){\\$wshShell|Local:Get-RandomString|Local:Invoke-PsExecCmd|Get-GPPPassword|Local:Inject-BypassStuff|Local:Invoke-CopyFile\\(\\$sSource,|ind-Fruit|New-IPv4Range|New-IPv4RangeFromCIDR|Parse-Hosts|Parse-ILHosts|Exclude-Hosts|Get-TopPort|Parse-Ports|Parse-IpPorts|Remove-Ports|Write-PortscanOut|Convert-SwitchtoBool|Get-ForeignUser|Get-ForeignGroup\";\nlet ProcessCreationEvents=() {\nlet processEvents=SecurityEvent\n| where EventID==4688\n| where isnotempty(CommandLine)\n| project TimeGenerated, Computer, Account = SubjectUserName, AccountDomain = SubjectDomainName, FileName = Process, CommandLine, ParentProcessName;\nprocessEvents};\nlet decodedPS = ProcessCreationEvents\n| where TimeGenerated >= ago(timeframe) \n| where CommandLine contains \" -encodedCommand\"\n| parse kind=regex flags=i CommandLine with * \"-EncodedCommand \" encodedCommand\n| project StartTimeUtc = TimeGenerated, encodedCommand = tostring(split(encodedCommand, ' ')[0]), CommandLine\n// Note: currently the base64_decodestring function is limited to supporting UTF8\n| extend decodedCommand = translate('\\0','', base64_decodestring(substring(encodedCommand, 0, strlen(encodedCommand) -  (strlen(encodedCommand) %8)))), encodedCommand, CommandLine , strlen(encodedCommand);\n(decodedPS\n| union \n(ProcessCreationEvents\n| where TimeGenerated >= ago(timeframe)\n| where FileName in~ (\"powershell.exe\",\"powershell_ise.exe\")\n| where CommandLine !contains \"-encodedcommand\")\n| extend StartTimeUtc = TimeGenerated\n)\n| where CommandLine matches regex regexEmpire\n| extend timestamp = StartTimeUtc, AccountCustomEntity = Account, HostCustomEntity = Computer",
            "suppressionDuration": "PT5H",
            "suppressionEnabled": false,
            "tactics": [
                "Execution",
                "Persistence"
            ],
            "displayName": "Powershell Empire cmdlets seen in command line",
            "enabled": true,
            "description": "Identifies instances of PowerShell Empire cmdlets in powershell process command line data.",
            "alertRuleTemplateName": "ef88eb96-861c-43a0-ab16-f3835a97c928"
        },
        "apiVersion": "2021-09-01-preview"
    }
]
}
