{
    "$schema": "https://schema.management.azure.com/schemas/2019-04-01/deploymentTemplate.json#",
    "contentVersion": "1.0.0.0",
    "parameters": {
        "workspace": {
            "type": "String"
        }
    },
    "resources": [
        {
            "id": "[concat(resourceId('Microsoft.OperationalInsights/workspaces/providers', parameters('workspace'), 'Microsoft.SecurityInsights'),'/alertRules/6b1451bd-fa94-45cb-b745-e76103aea236')]",
            "name": "[concat(parameters('workspace'),'/Microsoft.SecurityInsights/6b1451bd-fa94-45cb-b745-e76103aea236')]",
            "type": "Microsoft.OperationalInsights/workspaces/providers/alertRules",
            "kind": "Scheduled",
            "properties": {
                "incidentConfiguration": {
                    "createIncident": true,
                    "groupingConfiguration": {
                        "enabled": false,
                        "reopenClosedIncident": false,
                        "lookbackDuration": "PT5H",
                        "matchingMethod": "AllEntities",
                    "groupByEntities": [],
                "groupByAlertDetails": [],
            "groupByCustomDetails": []
        }
    },
    "entityMappings": [
        {
            "entityType": "Account",
            "fieldMappings": [
                {
                    "identifier": "FullName",
                    "columnName": "AccountCustomEntity"
                }
            ]
        },
        {
            "entityType": "Host",
            "fieldMappings": [
                {
                    "identifier": "HostName",
                    "columnName": "HostCustomEntity"
                }
            ]
        },
        {
            "entityType": "Process",
            "fieldMappings": [
                {
                    "identifier": "ProcessId",
                    "columnName": "ProcessCustomEntity"
                }
            ]
        },
        {
            "entityType": "FileHash",
            "fieldMappings": [
                {
                    "identifier": "Algorithm",
                    "columnName": "SHA256"
                },
                {
                    "identifier": "Value",
                    "columnName": "FileHashCustomEntity"
                }
            ]
        }
    ],
    "queryFrequency": "PT5M",
    "queryPeriod": "PT5M",
    "triggerOperator": "GreaterThan",
    "triggerThreshold": 0,
    "eventGroupingSettings": {
        "aggregationKind": "SingleAlert"
    },
    "severity": "High",
    "query": "let args = dynamic([\"objectcategory\",\"domainlist\",\"dcmodes\",\"adinfo\",\"trustdmp\",\"computers_pwdnotreqd\",\"Domain Admins\", \"objectcategory=person\", \"objectcategory=computer\", \"objectcategory=*\",\"dclist\"]);\nlet parentProcesses = dynamic([\"pwsh.exe\",\"powershell.exe\",\"cmd.exe\"]);\nDeviceProcessEvents\n//looks for execution from a shell\n| where InitiatingProcessFileName in (parentProcesses)\n// main filter\n| where FileName =~ \"AdFind.exe\" or SHA256 == \"c92c158d7c37fea795114fa6491fe5f145ad2f8c08776b18ae79db811e8e36a3\"\n   // AdFind common Flags to check for from various threat actor TTPs\n    or ProcessCommandLine has_any (args)\n| extend AccountCustomEntity = AccountName, HostCustomEntity = DeviceName, ProcessCustomEntity = InitiatingProcessFileName, FileHashCustomEntity = SHA256\n| where InitiatingProcessParentFileName <> \"LTSVC.exe\"",
    "suppressionDuration": "PT5H",
    "suppressionEnabled": false,
    "tactics": [
        "Discovery"
    ],
    "displayName": "Probable AdFind Recon Tool Usage",
    "enabled": true,
    "description": "Identifies the host and account that executed AdFind by hash and filename in addition to common and unique flags that are used by many threat actors in discovery.",
    "alertRuleTemplateName": "c63ae777-d5e0-4113-8c9a-c2c9d3d09fcd"
},
"apiVersion": "2021-09-01-preview"
}
]
}
