{
    "$schema": "https://schema.management.azure.com/schemas/2019-04-01/deploymentTemplate.json#",
    "contentVersion": "1.0.0.0",
    "parameters": {
        "workspace": {
            "type": "String"
        }
    },
    "resources": [
        {
            "id": "[concat(resourceId('Microsoft.OperationalInsights/workspaces/providers', parameters('workspace'), 'Microsoft.SecurityInsights'),'/alertRules/190911a8-548c-4013-b454-eee0bedae05b')]",
            "name": "[concat(parameters('workspace'),'/Microsoft.SecurityInsights/190911a8-548c-4013-b454-eee0bedae05b')]",
            "type": "Microsoft.OperationalInsights/workspaces/providers/alertRules",
            "kind": "Scheduled",
            "properties": {
                "incidentConfiguration": {
                    "createIncident": true,
                    "groupingConfiguration": {
                        "enabled": false,
                        "reopenClosedIncident": false,
                        "lookbackDuration": "PT5H",
                        "matchingMethod": "AllEntities",
                    "groupByEntities": [],
                    "groupByAlertDetails": null,
                    "groupByCustomDetails": null
                }
            },
            "queryFrequency": "P1D",
            "queryPeriod": "P1D",
            "triggerOperator": "GreaterThan",
            "triggerThreshold": 0,
            "eventGroupingSettings": {
                "aggregationKind": "SingleAlert"
            },
            "severity": "Medium",
            "query": "let timeframe = 1d;\nlet ProcessCreationEvents=() {\nlet processEvents=SecurityEvent\n| where EventID==4688\n| where isnotempty(CommandLine)\n| project TimeGenerated, Computer, Account = SubjectUserName, AccountDomain = SubjectDomainName, FileName = Process, CommandLine, ParentProcessName;\nprocessEvents;\n};\nProcessCreationEvents \n| where TimeGenerated > ago(timeframe) \n| where CommandLine contains \".decode('base64')\"\n        or CommandLine contains \"base64 --decode\"\n        or CommandLine contains \".decode64(\" \n| summarize StartTimeUtc = min(TimeGenerated), EndTimeUtc = max(TimeGenerated), CountToday = count() by Computer, Account, AccountDomain, FileName, CommandLine, ParentProcessName \n| extend timestamp = StartTimeUtc, AccountCustomEntity = Account, HostCustomEntity = Computer",
            "suppressionDuration": "PT5H",
            "suppressionEnabled": false,
            "tactics": [
                "Execution",
                "DefenseEvasion"
            ],
            "displayName": "Process executed from binary hidden in Base64 encoded file",
            "enabled": true,
            "description": "Encoding malicious software is a technique used to obfuscate files from detection. \nThe first CommandLine component is looking for Python decoding base64. \nThe second CommandLine component is looking for Bash/sh command line base64 decoding.\nThe third one is looking for Ruby decoding base64.",
            "alertRuleTemplateName": "d6190dde-8fd2-456a-ac5b-0a32400b0464"
        },
        "apiVersion": "2021-09-01-preview"
    }
]
}
