{
    "$schema": "https://schema.management.azure.com/schemas/2019-04-01/deploymentTemplate.json#",
    "contentVersion": "1.0.0.0",
    "parameters": {
        "workspace": {
            "type": "String"
        }
    },
    "resources": [
        {
            "id": "[concat(resourceId('Microsoft.OperationalInsights/workspaces/providers', parameters('workspace'), 'Microsoft.SecurityInsights'),'/alertRules/69b42584-fe0f-4a6f-b4c2-138ff2bccadd')]",
            "name": "[concat(parameters('workspace'),'/Microsoft.SecurityInsights/69b42584-fe0f-4a6f-b4c2-138ff2bccadd')]",
            "type": "Microsoft.OperationalInsights/workspaces/providers/alertRules",
            "kind": "Scheduled",
            "properties": {
                "incidentConfiguration": {
                    "createIncident": true,
                    "groupingConfiguration": {
                        "enabled": false,
                        "reopenClosedIncident": false,
                        "lookbackDuration": "PT5H",
                        "matchingMethod": "AllEntities",
                    "groupByEntities": [],
                    "groupByAlertDetails": null,
                    "groupByCustomDetails": null
                }
            },
            "queryFrequency": "P1D",
            "queryPeriod": "P14D",
            "triggerOperator": "GreaterThan",
            "triggerThreshold": 0,
            "eventGroupingSettings": {
                "aggregationKind": "SingleAlert"
            },
            "severity": "Medium",
            "query": "let starttime = 14d;\nlet endtime = 1d;\nSecurityEvent\n| where TimeGenerated >= ago(endtime) \n| where EventID == 4624 and LogonType == 10\n| summarize StartTime = min(TimeGenerated), EndTime = max(TimeGenerated), ConnectionCount = count() \nby Account = tolower(Account), Computer = toupper(Computer), IpAddress, AccountType, Activity, LogonTypeName, ProcessName\n// use left anti to exclude anything from the previous 14 days that is not rare\n| join kind=leftanti (\nSecurityEvent\n| where TimeGenerated between (ago(starttime) .. ago(endtime))\n| where EventID == 4624\n| summarize by Computer = toupper(Computer), IpAddress, Account = tolower(Account)\n) on Account, Computer\n| summarize StartTime = min(StartTime), EndTime = max(EndTime), ConnectionCount = sum(ConnectionCount)  \nby Account, Computer, IpAddress, AccountType, Activity, LogonTypeName, ProcessName\n| extend timestamp = StartTime, AccountCustomEntity = Account, HostCustomEntity = Computer, IPCustomEntity = IpAddress",
            "suppressionDuration": "PT5H",
            "suppressionEnabled": false,
            "tactics": [
                "LateralMovement"
            ],
            "displayName": "Rare RDP Connections",
            "enabled": true,
            "description": "Identifies when an RDP connection is new or rare related to any logon type by a given account today based on comparison with the previous 14 days.\nRDP connections are indicated by the EventID 4624 with LogonType = 10",
            "alertRuleTemplateName": "45b903c5-6f56-4969-af10-ae62ac709718"
        },
        "apiVersion": "2021-09-01-preview"
    }
]
}
