{
    "$schema": "https://schema.management.azure.com/schemas/2019-04-01/deploymentTemplate.json#",
    "contentVersion": "1.0.0.0",
    "parameters": {
        "workspace": {
            "type": "String"
        }
    },
    "resources": [
        {
            "id": "[concat(resourceId('Microsoft.OperationalInsights/workspaces/providers', parameters('workspace'), 'Microsoft.SecurityInsights'),'/alertRules/b6c27711-a8ea-43d0-adf3-c701543c576a')]",
            "name": "[concat(parameters('workspace'),'/Microsoft.SecurityInsights/b6c27711-a8ea-43d0-adf3-c701543c576a')]",
            "type": "Microsoft.OperationalInsights/workspaces/providers/alertRules",
            "kind": "Scheduled",
            "properties": {
                "incidentConfiguration": {
                    "createIncident": true,
                    "groupingConfiguration": {
                        "enabled": false,
                        "reopenClosedIncident": false,
                        "lookbackDuration": "PT5H",
                        "matchingMethod": "AllEntities",
                    "groupByEntities": [],
                "groupByAlertDetails": [],
            "groupByCustomDetails": []
        }
    },
    "queryFrequency": "P1D",
    "queryPeriod": "P1D",
    "triggerOperator": "GreaterThan",
    "triggerThreshold": 0,
    "eventGroupingSettings": {
        "aggregationKind": "SingleAlert"
    },
    "severity": "Low",
    "query": "let timeframe = 1d;\nOfficeActivity\n| where TimeGenerated >= ago(timeframe)\n| where Operation in~ (\"Add-MailboxPermission\", \"Add-MailboxFolderPermission\", \"Set-Mailbox\", \"New-ManagementRoleAssignment\")\n    and not(UserId has_any ('NT AUTHORITY\\\\SYSTEM (Microsoft.Exchange.ServiceHost)', 'devilfish-applicationaccount') and Operation in~ (\"Add-MailboxPermission\", \"Set-Mailbox\"))\n| where UserId !has \"SpoolsProvisioning\"\n| extend\n    timestamp = TimeGenerated,\n    AccountCustomEntity = UserId,\n    IPCustomEntity = ClientIP\n| where UserId <> \"Matthew.Green@5qcloud.com\" // NEW; This user has permission for such activity",
    "suppressionDuration": "PT5H",
    "suppressionEnabled": false,
    "tactics": [
        "Persistence",
        "Collection"
    ],
    "displayName": "Rare and potentially high-risk Office operations",
    "enabled": true,
    "description": "Identifies Office operations that are typically rare and can provide capabilities useful to attackers.",
    "alertRuleTemplateName": "957cb240-f45d-4491-9ba5-93430a3c08be"
},
"apiVersion": "2021-09-01-preview"
}
]
}
