{
    "$schema": "https://schema.management.azure.com/schemas/2019-04-01/deploymentTemplate.json#",
    "contentVersion": "1.0.0.0",
    "parameters": {
        "workspace": {
            "type": "String"
        }
    },
    "resources": [
        {
            "id": "[concat(resourceId('Microsoft.OperationalInsights/workspaces/providers', parameters('workspace'), 'Microsoft.SecurityInsights'),'/alertRules/3bde2992-abec-4308-a766-ac95a9a61f5b')]",
            "name": "[concat(parameters('workspace'),'/Microsoft.SecurityInsights/3bde2992-abec-4308-a766-ac95a9a61f5b')]",
            "type": "Microsoft.OperationalInsights/workspaces/providers/alertRules",
            "kind": "Scheduled",
            "properties": {
                "incidentConfiguration": {
                    "createIncident": true,
                    "groupingConfiguration": {
                        "enabled": false,
                        "reopenClosedIncident": false,
                        "lookbackDuration": "PT5H",
                        "matchingMethod": "AllEntities",
                    "groupByEntities": [],
                    "groupByAlertDetails": null,
                    "groupByCustomDetails": null
                }
            },
            "queryFrequency": "P1D",
            "queryPeriod": "P7D",
            "triggerOperator": "GreaterThan",
            "triggerThreshold": 3,
            "eventGroupingSettings": {
                "aggregationKind": "SingleAlert"
            },
            "severity": "Medium",
            "query": "let current = 1d;\nlet auditLookback = 7d;\n// Setting threshold to 3 as a default, change as needed.  \n// Any operation that has been initiated by a user or app more than 3 times in the past 7 days will be excluded\nlet threshold = 3;\n// Gather initial data from lookback period, excluding current, adjust current to more than a single day if no results\nlet AuditTrail = AuditLogs | where TimeGenerated >= ago(auditLookback) and TimeGenerated < ago(current)\n// 2 other operations that can be part of malicious activity in this situation are \n// \"Add OAuth2PermissionGrant\" and \"Add service principal\", extend the filter below to capture these too\n| where OperationName == \"Consent to application\"\n| extend InitiatedBy = iff(isnotempty(tostring(parse_json(tostring(InitiatedBy.user)).userPrincipalName)), \ntostring(parse_json(tostring(InitiatedBy.user)).userPrincipalName), tostring(parse_json(tostring(InitiatedBy.app)).displayName))\n| extend TargetResourceName = tolower(tostring(TargetResources.[0].displayName))\n| summarize max(TimeGenerated), OperationCount = count() by OperationName, InitiatedBy, TargetResourceName\n// only including operations by initiated by a user or app that is above the threshold so we produce only rare and has not occurred in last 7 days\n| where OperationCount > threshold\n;\n// Gather current period of audit data\nlet RecentConsent = AuditLogs | where TimeGenerated >= ago(current)\n| where OperationName == \"Consent to application\"\n| extend IpAddress = iff(isnotempty(tostring(parse_json(tostring(InitiatedBy.user)).ipAddress)), \ntostring(parse_json(tostring(InitiatedBy.user)).ipAddress), tostring(parse_json(tostring(InitiatedBy.app)).ipAddress))\n| extend InitiatedBy = iff(isnotempty(tostring(parse_json(tostring(InitiatedBy.user)).userPrincipalName)), \ntostring(parse_json(tostring(InitiatedBy.user)).userPrincipalName), tostring(parse_json(tostring(InitiatedBy.app)).displayName))\n| extend TargetResourceName = tolower(tostring(TargetResources.[0].displayName))\n| parse TargetResources.[0].modifiedProperties with * \"ConsentType: \" ConsentType \"]\" *\n| project TimeGenerated, InitiatedBy, IpAddress, TargetResourceName, Category, OperationName, ConsentType , CorrelationId, Type;\n// Exclude previously seen audit activity for \"Consent to application\" that was seen in the lookback period\n// First for rare InitiatedBy\nlet RareConsentBy = RecentConsent | join kind= leftanti AuditTrail on OperationName, InitiatedBy \n| extend Reason = \"Previously unseen user consenting\";\n// Second for rare TargetResourceName\nlet RareConsentApp = RecentConsent | join kind= leftanti AuditTrail on OperationName, TargetResourceName\n| extend Reason = \"Previously unseen app granted consent\";\nRareConsentBy | union RareConsentApp\n| summarize Reason = makeset(Reason) by TimeGenerated, InitiatedBy, IpAddress, TargetResourceName, Category, OperationName, ConsentType, CorrelationId, Type\n| extend timestamp = TimeGenerated, AccountCustomEntity = InitiatedBy, HostCustomEntity = TargetResourceName, IPCustomEntity = IpAddress",
            "suppressionDuration": "PT5H",
            "suppressionEnabled": false,
            "tactics": [
                "Persistence",
                "LateralMovement",
                "Collection"
            ],
            "displayName": "Rare application consent",
            "enabled": true,
            "description": "This will alert when the \"Consent to application\" operation occurs by a user that has not done this operation before or rarely does this.\nThis could indicate that permissions to access the listed Azure App were provided to a malicious actor. \nConsent to application, Add service principal and Add OAuth2PermissionGrant should typically be rare events. \nThis may help detect the Oauth2 attack that can be initiated by this publicly available tool - https://github.com/fireeye/PwnAuth\nFor further information on AuditLogs please see https://docs.microsoft.com/azure/active-directory/reports-monitoring/reference-audit-activities.",
            "alertRuleTemplateName": "83ba3057-9ea3-4759-bf6a-933f2e5bc7ee"
        },
        "apiVersion": "2021-09-01-preview"
    }
]
}
