{
    "$schema": "https://schema.management.azure.com/schemas/2019-04-01/deploymentTemplate.json#",
    "contentVersion": "1.0.0.0",
    "parameters": {
        "workspace": {
            "type": "String"
        }
    },
    "resources": [
        {
            "id": "[concat(resourceId('Microsoft.OperationalInsights/workspaces/providers', parameters('workspace'), 'Microsoft.SecurityInsights'),'/alertRules/b5eb9b35-1f25-451a-b026-bf6223c60a4f')]",
            "name": "[concat(parameters('workspace'),'/Microsoft.SecurityInsights/b5eb9b35-1f25-451a-b026-bf6223c60a4f')]",
            "type": "Microsoft.OperationalInsights/workspaces/providers/alertRules",
            "kind": "Scheduled",
            "properties": {
                "incidentConfiguration": {
                    "createIncident": true,
                    "groupingConfiguration": {
                        "enabled": false,
                        "reopenClosedIncident": false,
                        "lookbackDuration": "PT5H",
                        "matchingMethod": "AllEntities",
                    "groupByEntities": [],
                    "groupByAlertDetails": null,
                    "groupByCustomDetails": null
                }
            },
            "queryFrequency": "P1D",
            "queryPeriod": "P8D",
            "triggerOperator": "GreaterThan",
            "triggerThreshold": 0,
            "eventGroupingSettings": {
                "aggregationKind": "SingleAlert"
            },
            "severity": "Medium",
            "query": "let endtime = 1d;\nlet starttime = 8d;\n// The threshold below excludes matching on RDP connection computer counts of 5 or more by a given account and IP in a given day.  Change the threshold as needed.\nlet threshold = 5;\nSecurityEvent\n| where TimeGenerated >= ago(endtime) \n| where EventID == 4624 and LogonType == 10\n// Labeling the first RDP connection time, computer and ip\n| extend FirstHop = TimeGenerated, FirstComputer = toupper(Computer), FirstIPAddress = IpAddress, Account = tolower(Account)  \n| join kind=inner (\nSecurityEvent\n| where TimeGenerated >= ago(endtime) \n| where EventID == 4624 and LogonType == 10\n// Labeling the second RDP connection time, computer and ip\n| extend SecondHop = TimeGenerated, SecondComputer = toupper(Computer), SecondIPAddress = IpAddress, Account = tolower(Account)\n) on Account\n// Make sure that the first connection is after the second connection --> SecondHop > FirstHop\n// Then identify only RDP to another computer from within the first RDP connection by only choosing matches where the Computer names do not match --> FirstComputer != SecondComputer\n// Then make sure the IPAddresses do not match by excluding connections from the same computers with first hop RDP connections to multiple computers --> FirstIPAddress != SecondIPAddress\n| where FirstComputer != SecondComputer and FirstIPAddress != SecondIPAddress and SecondHop > FirstHop\n// where the second hop occurs within 30 minutes of the first hop\n| where SecondHop <= FirstHop+30m\n| distinct Account, FirstHop, FirstComputer, FirstIPAddress, SecondHop, SecondComputer, SecondIPAddress, AccountType, Activity, LogonTypeName, ProcessName\n// use left anti to exclude anything from the previous 7 days where the Account and IP has connected 5 or more computers.\n| join kind=leftanti (\nSecurityEvent\n| where TimeGenerated >= ago(starttime) and TimeGenerated < ago(endtime) \n| where EventID == 4624 and LogonType == 10\n| summarize makeset(Computer), ComputerCount = dcount(Computer) by bin(TimeGenerated, 1d), Account = tolower(Account), IpAddress\n// Connection count to computer by same account and IP to exclude counts of 5 or more on a given day\n| where ComputerCount >= threshold\n| mvexpand set_Computer\n| extend Computer = toupper(set_Computer)\n) on Account, $left.SecondComputer == $right.Computer, $left.SecondIPAddress == $right.IpAddress\n| summarize FirstHopFirstSeen = min(FirstHop), FirstHopLastSeen = max(FirstHop) by Account, FirstComputer, FirstIPAddress, SecondHop, SecondComputer, \nSecondIPAddress, AccountType, Activity, LogonTypeName, ProcessName\n| extend timestamp = FirstHopFirstSeen, AccountCustomEntity = Account, HostCustomEntity = FirstComputer, IPCustomEntity = FirstIPAddress",
            "suppressionDuration": "PT5H",
            "suppressionEnabled": false,
            "tactics": [
                "LateralMovement"
            ],
            "displayName": "RDP Nesting",
            "enabled": true,
            "description": "Identifies when an RDP connection is made to a first system and then an RDP connection is made from the first system \nto another system with the same account within the 60 minutes. Additionally, if historically daily  \nRDP connections are indicated by the logged EventID 4624 with LogonType = 10",
            "alertRuleTemplateName": "69a45b05-71f5-45ca-8944-2e038747fb39"
        },
        "apiVersion": "2021-09-01-preview"
    }
]
}
