{
    "$schema": "https://schema.management.azure.com/schemas/2019-04-01/deploymentTemplate.json#",
    "contentVersion": "1.0.0.0",
    "parameters": {
        "workspace": {
            "type": "String"
        }
    },
    "resources": [
        {
            "id": "[concat(resourceId('Microsoft.OperationalInsights/workspaces/providers', parameters('workspace'), 'Microsoft.SecurityInsights'),'/alertRules/78142a3b-4c5b-430b-be1e-6e6ee09d6734')]",
            "name": "[concat(parameters('workspace'),'/Microsoft.SecurityInsights/78142a3b-4c5b-430b-be1e-6e6ee09d6734')]",
            "type": "Microsoft.OperationalInsights/workspaces/providers/alertRules",
            "kind": "Scheduled",
            "properties": {
                "incidentConfiguration": {
                    "createIncident": true,
                    "groupingConfiguration": {
                        "enabled": false,
                        "reopenClosedIncident": false,
                        "lookbackDuration": "PT5H",
                        "matchingMethod": "AllEntities",
                    "groupByEntities": [],
                "groupByAlertDetails": [],
            "groupByCustomDetails": []
        }
    },
    "queryFrequency": "PT6H",
    "queryPeriod": "PT6H",
    "triggerOperator": "GreaterThan",
    "triggerThreshold": 0,
    "eventGroupingSettings": {
        "aggregationKind": "SingleAlert"
    },
    "severity": "Low",
    "query": "let timeRange = 6h;\nlet authenticationWindow = 1h;\nlet authenticationThreshold = 5;\nSecurityEvent\n| where TimeGenerated > ago(timeRange)\n| where EventID == 4624 or EventID == 4625\n| where IpAddress != \"-\" and isnotempty(Account)\n| extend Outcome = iff(EventID == 4624, \"Success\", \"Failure\")\n// bin outcomes into 5 minute windows to reduce the volume of data\n| summarize OutcomeCount=count() by Account, IpAddress, Computer, Outcome, bin(TimeGenerated, 5m)\n| project TimeGenerated, Account, IpAddress, Computer, Outcome, OutcomeCount\n// sort ready for sessionizing - by account and time of the authentication outcome\n| sort by Account asc, TimeGenerated asc\n| serialize \n// sessionize into failure groupings until either the account changes or there is a success\n| extend SessionStartedUtc = row_window_session(TimeGenerated, timeRange, authenticationWindow, Account != prev(Account) or prev(Outcome) == \"Success\")\n// count the failures in each session\n| summarize FailureCountBeforeSuccess=sumif(OutcomeCount, Outcome == \"Failure\"), StartTime=min(TimeGenerated), EndTime=max(TimeGenerated), makelist(Outcome), makeset(Computer), makeset(IpAddress) by SessionStartedUtc, Account\n// the session must not start with a success, and must end with one\n| where array_index_of(list_Outcome, \"Success\") != 0\n| where array_index_of(list_Outcome, \"Success\") == array_length(list_Outcome) - 1\n| project-away SessionStartedUtc, list_Outcome \n// where the number of failures before the success is above the threshold \n| where FailureCountBeforeSuccess >= authenticationThreshold\n// expand out ip and computer for customer entity assignment\n| mvexpand set_IpAddress, set_Computer\n| extend IpAddress = tostring(set_IpAddress), Computer = tostring(set_Computer)\n| extend timestamp=StartTime, AccountCustomEntity=Account, HostCustomEntity=Computer, IPCustomEntity=IpAddress",
    "suppressionDuration": "PT5H",
    "suppressionEnabled": false,
    "tactics": [
        "CredentialAccess"
    ],
    "displayName": "SecurityEvent - Multiple authentication failures followed by a success",
    "enabled": true,
    "description": "Identifies accounts who have failed to logon to the domain multiple times in a row, followed by a successful authentication\nwithin a short time frame. Multiple failed attempts followed by a success can be an indication of a brute force attempt or\npossible mis-configuration of a service account within an environment.\nThe lookback is set to 6h and the authentication window and threshold are set to 1h and 5, meaning we need to see a minimum\nof 5 failures followed by a success for an account within 1 hour to surface an alert.",
    "alertRuleTemplateName": "cf3ede88-a429-493b-9108-3e46d3c741f7"
},
"apiVersion": "2021-09-01-preview"
}
]
}
