{
    "$schema": "https://schema.management.azure.com/schemas/2019-04-01/deploymentTemplate.json#",
    "contentVersion": "1.0.0.0",
    "parameters": {
        "workspace": {
            "type": "String"
        }
    },
    "resources": [
        {
            "id": "[concat(resourceId('Microsoft.OperationalInsights/workspaces/providers', parameters('workspace'), 'Microsoft.SecurityInsights'),'/alertRules/b473d90c-850d-448e-b97a-9c91e9a9e210')]",
            "name": "[concat(parameters('workspace'),'/Microsoft.SecurityInsights/b473d90c-850d-448e-b97a-9c91e9a9e210')]",
            "type": "Microsoft.OperationalInsights/workspaces/providers/alertRules",
            "kind": "Scheduled",
            "properties": {
                "incidentConfiguration": {
                    "createIncident": true,
                    "groupingConfiguration": {
                        "enabled": false,
                        "reopenClosedIncident": false,
                        "lookbackDuration": "PT5H",
                        "matchingMethod": "AllEntities",
                    "groupByEntities": [],
                    "groupByAlertDetails": null,
                    "groupByCustomDetails": null
                }
            },
            "queryFrequency": "P1D",
            "queryPeriod": "P1D",
            "triggerOperator": "GreaterThan",
            "triggerThreshold": 0,
            "eventGroupingSettings": {
                "aggregationKind": "SingleAlert"
            },
            "severity": "Medium",
            "query": "let timeframe = 1d;\nSecurityEvent\n| where TimeGenerated >= ago(timeframe)\n| where EventID == 1102 and EventSourceName == \"Microsoft-Windows-Eventlog\" \n| summarize StartTimeUtc = min(TimeGenerated), EndTimeUtc = max(TimeGenerated), EventCount = count() by Computer, Account, EventID, Activity\n| extend timestamp = StartTimeUtc, AccountCustomEntity = Account, HostCustomEntity = Computer",
            "suppressionDuration": "PT5H",
            "suppressionEnabled": false,
            "tactics": [
                "DefenseEvasion"
            ],
            "displayName": "Security Event log cleared",
            "enabled": true,
            "description": "Checks for event id 1102 which indicates the security event log was cleared. \nIt uses Event Source Name \"Microsoft-Windows-Eventlog\" to avoid generating false positives from other sources, like AD FS servers for instance.",
            "alertRuleTemplateName": "80da0a8f-cfe1-4cd0-a895-8bc1771a720e"
        },
        "apiVersion": "2021-09-01-preview"
    }
]
}
