{
    "$schema": "https://schema.management.azure.com/schemas/2019-04-01/deploymentTemplate.json#",
    "contentVersion": "1.0.0.0",
    "parameters": {
        "workspace": {
            "type": "String"
        }
    },
    "resources": [
        {
            "id": "[concat(resourceId('Microsoft.OperationalInsights/workspaces/providers', parameters('workspace'), 'Microsoft.SecurityInsights'),'/alertRules/5a33039c-e6c3-4fbf-a069-ced0cecab5b4')]",
            "name": "[concat(parameters('workspace'),'/Microsoft.SecurityInsights/5a33039c-e6c3-4fbf-a069-ced0cecab5b4')]",
            "type": "Microsoft.OperationalInsights/workspaces/providers/alertRules",
            "kind": "Scheduled",
            "properties": {
                "incidentConfiguration": {
                    "createIncident": true,
                    "groupingConfiguration": {
                        "enabled": false,
                        "reopenClosedIncident": false,
                        "lookbackDuration": "PT5H",
                        "matchingMethod": "AllEntities",
                    "groupByEntities": [],
                "groupByAlertDetails": [],
            "groupByCustomDetails": []
        }
    },
    "queryFrequency": "P1D",
    "queryPeriod": "P14D",
    "triggerOperator": "GreaterThan",
    "triggerThreshold": 0,
    "eventGroupingSettings": {
        "aggregationKind": "SingleAlert"
    },
    "severity": "Medium",
    "query": "let threshold = 50;\nlet szSharePointFileOperation = \"SharePointFileOperation\";\nlet szOperations = dynamic([\"FileDownloaded\", \"FileUploaded\"]);\nlet starttime = 14d;\nlet endtime = 1d;\nlet historicalActivity =\nOfficeActivity\n| where TimeGenerated between(ago(starttime)..ago(endtime))\n| where RecordType =~ szSharePointFileOperation\n| where Operation in~ (szOperations)\n| summarize historicalCount = count() by ClientIP, RecordType, Operation;\nlet recentActivity = OfficeActivity\n| where TimeGenerated > ago(endtime)\n| where RecordType =~ szSharePointFileOperation\n| where Operation in~ (szOperations)\n| summarize min(Start_Time), max(Start_Time), recentCount = count() by ClientIP, RecordType, Operation;\nlet RareIP = recentActivity | join kind= leftanti ( historicalActivity ) on ClientIP, RecordType, Operation\n// More than 50 downloads/uploads from a new IP\n| where recentCount > threshold;\nOfficeActivity \n| where TimeGenerated >= ago(endtime) \n| where RecordType =~ szSharePointFileOperation\n| where Operation in~ (szOperations)\n| join kind= inner (RareIP) on ClientIP, RecordType, Operation\n| where Start_Time between(min_Start_Time .. max_Start_Time)\n| summarize StartTimeUtc = min(min_Start_Time), EndTimeUtc = max(max_Start_Time) by RecordType, Operation, UserType, UserId, ClientIP, OfficeWorkload, Site_Url, OfficeObjectId, UserAgent, IPSeenCount = recentCount\n| extend timestamp = StartTimeUtc, AccountCustomEntity = UserId, IPCustomEntity = ClientIP, URLCustomEntity = Site_Url\n| order by IPSeenCount desc, ClientIP asc, Operation asc, UserId asc",
    "suppressionDuration": "PT5H",
    "suppressionEnabled": false,
    "tactics": [
        "Exfiltration"
    ],
    "displayName": "SharePointFileOperation via previously unseen IPs",
    "enabled": false,
    "description": "Identifies when the volume of documents uploaded to or downloaded from Sharepoint by new IP addresses\nexceeds a threshold (default is 50).",
    "alertRuleTemplateName": "4b11568b-3f5f-4ba1-80c8-7f1dc8390eb7"
},
"apiVersion": "2021-09-01-preview"
}
]
}
