{
    "$schema": "https://schema.management.azure.com/schemas/2019-04-01/deploymentTemplate.json#",
    "contentVersion": "1.0.0.0",
    "parameters": {
        "workspace": {
            "type": "String"
        }
    },
    "resources": [
        {
            "id": "[concat(resourceId('Microsoft.OperationalInsights/workspaces/providers', parameters('workspace'), 'Microsoft.SecurityInsights'),'/alertRules/13512121-e1f0-4fd1-9715-46e110df04e4')]",
            "name": "[concat(parameters('workspace'),'/Microsoft.SecurityInsights/13512121-e1f0-4fd1-9715-46e110df04e4')]",
            "type": "Microsoft.OperationalInsights/workspaces/providers/alertRules",
            "kind": "Scheduled",
            "properties": {
                "incidentConfiguration": {
                    "createIncident": true,
                    "groupingConfiguration": {
                        "enabled": false,
                        "reopenClosedIncident": false,
                        "lookbackDuration": "PT5H",
                        "matchingMethod": "AllEntities",
                    "groupByEntities": [],
                "groupByAlertDetails": [],
            "groupByCustomDetails": []
        }
    },
    "entityMappings": [
        {
            "entityType": "Account",
            "fieldMappings": [
                {
                    "identifier": "FullName",
                    "columnName": "AccountCustomEntity"
                }
            ]
        },
        {
            "entityType": "Host",
            "fieldMappings": [
                {
                    "identifier": "FullName",
                    "columnName": "HostCustomEntity"
                }
            ]
        },
        {
            "entityType": "IP",
            "fieldMappings": [
                {
                    "identifier": "Address",
                    "columnName": "RemoteIP"
                }
            ]
        },
        {
            "entityType": "Process",
            "fieldMappings": [
                {
                    "identifier": "ProcessId",
                    "columnName": "InitiatingProcessId"
                }
            ]
        },
        {
            "entityType": "FileHash",
            "fieldMappings": [
                {
                    "identifier": "Algorithm",
                    "columnName": "SHA256"
                },
                {
                    "identifier": "Value",
                    "columnName": "FileHashCustomEntity"
                }
            ]
        }
    ],
    "queryFrequency": "PT5M",
    "queryPeriod": "PT5M",
    "triggerOperator": "GreaterThan",
    "triggerThreshold": 0,
    "eventGroupingSettings": {
        "aggregationKind": "SingleAlert"
    },
    "severity": "High",
    "query": "let iocs = externaldata(DateAdded:string,IoC:string,Type:string,TLP:string) [@\"https://raw.githubusercontent.com/Azure/Azure-Sentinel/master/Sample%20Data/Feeds/SOURGUM.csv\"] with (format=\"csv\", ignoreFirstRecord=True);\nlet domains = (iocs | where Type =~ \"domainname\"| project IoC);\nlet sha256Hashes = (iocs | where Type =~ \"sha256\" | project IoC);\nlet file_path1 = (iocs | where Type =~ \"filepath1\" | project IoC);\nlet file_path2 = (iocs | where Type =~ \"filepath2\" | project IoC);\nlet file_path3 = (iocs | where Type =~ \"filepath3\" | project IoC);\nlet reg_key = (iocs | where Type =~ \"regkey\" | project IoC);\n (union isfuzzy=true\n(CommonSecurityLog\n| where DestinationHostName has_any (domains) or RequestURL has_any (domains) or Message has_any (domains)\n| parse Message with * '(' DNSName ')' *\n| project TimeGenerated, Message, SourceUserID, RequestURL, DestinationHostName, Type, SourceIP, DestinationIP, DNSName\n| extend  Alert = 'SOURGUM IOC detected'\n| extend timestamp = TimeGenerated, AccountCustomEntity = SourceUserID, UrlCustomEntity = RequestURL , IPCustomEntity = DestinationIP, DNSCustomEntity = DNSName\n),\n(DnsEvents\n| where Name in~ (domains)\n| project TimeGenerated, Computer, IPAddresses, Name, ClientIP, Type\n| extend DNSName = Name, Host = Computer , Alert = 'SOURGUM IOC detected'\n| extend timestamp = TimeGenerated, HostCustomEntity = Host, DNSCustomEntity = DNSName, IPCustomEntity = IPAddresses\n),\n(VMConnection\n| where  RemoteDnsCanonicalNames has_any (domains)\n| parse RemoteDnsCanonicalNames with * '[\"' DNSName '\"]' *\n| project TimeGenerated, Computer, Direction, RemoteDnsCanonicalNames, ProcessName, SourceIp, DestinationIp, DestinationPort, DNSName,BytesSent, BytesReceived, RemoteCountry, Type\n| extend timestamp = TimeGenerated, IPCustomEntity = DestinationIp, HostCustomEntity = Computer, ProcessCustomEntity = ProcessName, DNSCustomEntity = DNSName, Alert = 'SOURGUM IOC detected'\n),\n(Event\n| where Source == \"Microsoft-Windows-Sysmon\"\n| where EventID == 3\n| extend EvData = parse_xml(EventData)\n| extend EventDetail = EvData.DataItem.EventData.Data\n| extend SourceIP = EventDetail.[9].[\"#text\"], DestinationIP = EventDetail.[14].[\"#text\"], Image = EventDetail.[4].[\"#text\"]\n| where Image has_any (file_path1) or Image has_any (file_path3)\n| project TimeGenerated, SourceIP, DestinationIP, Image, UserName, Computer, EventDetail, Type\n| extend timestamp = TimeGenerated, AccountCustomEntity = UserName, ProcessCustomEntity = split(Image, '\\\\', -1)[-1], HostCustomEntity = Computer , IPCustomEntity = DestinationIP, Alert = 'SOURGUM IOC detected'\n),  \n(DeviceNetworkEvents\n| where (RemoteUrl has_any (domains))  or (InitiatingProcessSHA256 in (sha256Hashes) and InitiatingProcessFolderPath has_any (file_path1)) or InitiatingProcessFolderPath has_any (file_path3)\n| project TimeGenerated, ActionType, DeviceId, DeviceName, InitiatingProcessAccountDomain, InitiatingProcessAccountName, InitiatingProcessCommandLine, InitiatingProcessFolderPath, InitiatingProcessId, InitiatingProcessParentFileName, InitiatingProcessFileName, RemoteIP, RemoteUrl, LocalIP, Type\n| extend timestamp = TimeGenerated, IPCustomEntity = RemoteIP, HostCustomEntity = DeviceName,  Alert = 'SOURGUM IOC detected', UrlCustomEntity =RemoteUrl\n),\n(AzureDiagnostics\n| where ResourceType == \"AZUREFIREWALLS\"\n| where Category == \"AzureFirewallDnsProxy\"\n| project TimeGenerated,Resource, msg_s, Type\n| parse msg_s with \"DNS Request: \" ClientIP \":\" ClientPort \" - \" QueryID \" \" Request_Type \" \" Request_Class \" \" Request_Name \". \" Request_Protocol \" \" Request_Size \" \" EDNSO_DO \" \" EDNS0_Buffersize \" \" Responce_Code \" \" Responce_Flags \" \" Responce_Size \" \" Response_Duration\n| where Request_Name has_any (domains)\n| extend timestamp = TimeGenerated, DNSName = Request_Name, IPCustomEntity = ClientIP, Alert = 'SOURGUM IOC detected'\n),\n(AzureDiagnostics\n| where ResourceType == \"AZUREFIREWALLS\"\n| where Category == \"AzureFirewallApplicationRule\"\n| project TimeGenerated,Resource, msg_s\n| parse msg_s with Protocol 'request from ' SourceHost ':' SourcePort 'to ' DestinationHost ':' DestinationPort '. Action:' Action\n| where DestinationHost has_any (domains)  \n| extend timestamp = TimeGenerated, DNSName = DestinationHost, IPCustomEntity = SourceHost, Alert = 'SOURGUM IOC detected'\n),\n(Event\n| where Source == \"Microsoft-Windows-Sysmon\"\n| where EventID == 1\n| extend EvData = parse_xml(EventData)\n| extend EventDetail = EvData.DataItem.EventData.Data\n| parse EventDetail with * 'SHA256=' SHA256 '\",' *\n| extend Image = EventDetail.[4].[\"#text\"],  CommandLine = EventDetail.[10].[\"#text\"]\n| where (SHA256 has_any (sha256Hashes) and Image has_any (file_path1)) or (Image has_any (file_path3)) or ( CommandLine has_any (file_path3)) or ( CommandLine has_any (file_path1)) or ( CommandLine has 'reg add' and CommandLine has_any (reg_key) and CommandLine has_any (file_path2)) \n| project TimeGenerated, EventDetail, UserName, Computer, Type, Source, SHA256, CommandLine, Image\n| extend Type = strcat(Type, \": \", Source), Alert = 'SOURGUM IOC detected'\n| extend timestamp = TimeGenerated, HostCustomEntity = Computer , AccountCustomEntity = UserName, ProcessCustomEntity = split(Image, '\\\\', -1)[-1], FileHashCustomEntity = SHA256\n),\n(DeviceRegistryEvents\n| where RegistryKey has_any (reg_key) and RegistryValueData has_any (file_path2)\n|  project TimeGenerated, ActionType, DeviceId, DeviceName, InitiatingProcessAccountDomain, InitiatingProcessAccountName, InitiatingProcessCommandLine, InitiatingProcessFolderPath, InitiatingProcessId, InitiatingProcessParentFileName, InitiatingProcessFileName, InitiatingProcessSHA256, Type \n| extend timestamp = TimeGenerated, HostCustomEntity = DeviceName , AccountCustomEntity = InitiatingProcessAccountName, ProcessCustomEntity = InitiatingProcessFileName, FileHashCustomEntity = InitiatingProcessSHA256,  Alert = 'SOURGUM IOC detected'\n),\n(DeviceProcessEvents\n| where  ( InitiatingProcessCommandLine has_any (file_path1)) or ( InitiatingProcessCommandLine has_any (file_path3)) or ( InitiatingProcessCommandLine has 'reg add' and InitiatingProcessCommandLine has_any (reg_key) and InitiatingProcessCommandLine has_any (file_path2)) or (InitiatingProcessFolderPath has_any (file_path1)) or (InitiatingProcessFolderPath has_any (file_path3)) or (FolderPath  has_any (file_path1)) or (FolderPath has_any (file_path3))\n| project TimeGenerated, ActionType, DeviceId, DeviceName, InitiatingProcessAccountDomain, InitiatingProcessAccountName, InitiatingProcessCommandLine, InitiatingProcessFolderPath, InitiatingProcessId, InitiatingProcessParentFileName, InitiatingProcessFileName, InitiatingProcessSHA256, FolderPath, Type\n| extend timestamp = TimeGenerated, HostCustomEntity = DeviceName , AccountCustomEntity = InitiatingProcessAccountName, ProcessCustomEntity = InitiatingProcessFileName, FileHashCustomEntity = InitiatingProcessSHA256, Alert = 'SOURGUM IOC detected'\n),\n(DeviceFileEvents\n| where  (InitiatingProcessSHA256 has_any (sha256Hashes) and InitiatingProcessFolderPath has_any (file_path1)) or (InitiatingProcessFolderPath has_any (file_path3)) or (FolderPath  has_any (file_path1)) or (FolderPath  has_any (file_path3)) or ( InitiatingProcessCommandLine has_any (file_path1)) or ( InitiatingProcessCommandLine has_any (file_path3))\n| project TimeGenerated, ActionType, DeviceId, DeviceName, InitiatingProcessAccountDomain, InitiatingProcessAccountName, InitiatingProcessCommandLine, InitiatingProcessFolderPath, InitiatingProcessId, InitiatingProcessParentFileName, InitiatingProcessFileName, RequestAccountName, RequestSourceIP, InitiatingProcessSHA256, FolderPath, Type\n| extend timestamp = TimeGenerated, HostCustomEntity = DeviceName , AccountCustomEntity = RequestAccountName, ProcessCustomEntity = InitiatingProcessFileName, FileHashCustomEntity = InitiatingProcessSHA256,  Alert = 'SOURGUM IOC detected'\n),\n(DeviceEvents\n| where  ( InitiatingProcessCommandLine has_any (file_path1)) or ( InitiatingProcessCommandLine has_any (file_path3)) or ( InitiatingProcessCommandLine has 'reg add' and InitiatingProcessCommandLine has_any (reg_key) and InitiatingProcessCommandLine has_any (file_path2)) or (InitiatingProcessFolderPath has_any (file_path1)) or (InitiatingProcessFolderPath has_any (file_path3)) or (FolderPath  has_any (file_path1)) or (FolderPath has_any (file_path3))\n| project TimeGenerated, ActionType, DeviceId, DeviceName, InitiatingProcessAccountDomain, InitiatingProcessAccountName, InitiatingProcessCommandLine, InitiatingProcessFolderPath, InitiatingProcessId, InitiatingProcessParentFileName, InitiatingProcessFileName, InitiatingProcessSHA256, FolderPath, Type\n| extend CommandLine = InitiatingProcessCommandLine, Alert = 'SOURGUM IOC detected'\n| extend timestamp = TimeGenerated, HostCustomEntity = DeviceName , AccountCustomEntity = InitiatingProcessAccountName, ProcessCustomEntity = InitiatingProcessFileName, FileHashCustomEntity = InitiatingProcessSHA256\n),\n(  SecurityEvent\n| where EventID == 4688\n| where ( CommandLine has_any (file_path1)) or ( CommandLine has_any (file_path3)) or ( CommandLine has 'reg add' and CommandLine has_any (reg_key) and CommandLine has_any (file_path2)) or (NewProcessName has_any (file_path1)) or (NewProcessName has_any (file_path3)) or (ParentProcessName has_any (file_path1)) or (ParentProcessName has_any (file_path3))\n| project TimeGenerated, Computer, NewProcessName, ParentProcessName, Account, NewProcessId, Type\n| extend timestamp = TimeGenerated, HostCustomEntity = Computer , AccountCustomEntity = Account, ProcessCustomEntity = NewProcessName, Alert = 'SOURGUM IOC detected'\n)\n)",
    "suppressionDuration": "PT5H",
    "suppressionEnabled": false,
    "tactics": [
        "Persistence"
    ],
    "displayName": "SOURGUM Actor IOC - July 2021",
    "enabled": true,
    "description": "Identifies a match across IOC's related to an actor tracked by Microsoft as SOURGUM",
    "alertRuleTemplateName": "94749332-1ad9-49dd-a5ab-5ff2170788fc"
},
"apiVersion": "2021-09-01-preview"
}
]
}
