{
    "$schema": "https://schema.management.azure.com/schemas/2019-04-01/deploymentTemplate.json#",
    "contentVersion": "1.0.0.0",
    "parameters": {
        "workspace": {
            "type": "String"
        }
    },
    "resources": [
        {
            "id": "[concat(resourceId('Microsoft.OperationalInsights/workspaces/providers', parameters('workspace'), 'Microsoft.SecurityInsights'),'/alertRules/88ce95d6-cdea-478e-97df-add9b5080fde')]",
            "name": "[concat(parameters('workspace'),'/Microsoft.SecurityInsights/88ce95d6-cdea-478e-97df-add9b5080fde')]",
            "type": "Microsoft.OperationalInsights/workspaces/providers/alertRules",
            "kind": "Scheduled",
            "properties": {
                "incidentConfiguration": {
                    "createIncident": true,
                    "groupingConfiguration": {
                        "enabled": false,
                        "reopenClosedIncident": false,
                        "lookbackDuration": "PT5H",
                        "matchingMethod": "AllEntities",
                    "groupByEntities": [],
                    "groupByAlertDetails": null,
                    "groupByCustomDetails": null
                }
            },
            "queryFrequency": "P1D",
            "queryPeriod": "P1D",
            "triggerOperator": "GreaterThan",
            "triggerThreshold": 0,
            "eventGroupingSettings": {
                "aggregationKind": "SingleAlert"
            },
            "severity": "Low",
            "query": "let timeframe = 1d;\nlet threshold = 15;\nSyslog\n| where TimeGenerated >= ago(timeframe)\n| where SyslogMessage contains \"Failed password for invalid user\"\n| where ProcessName =~ \"sshd\" \n| parse kind=relaxed SyslogMessage with * \"invalid user\" user \" from \" ip \" port\" port \" ssh2\"\n| project user, ip, port, SyslogMessage, EventTime\n| summarize EventTimes = make_list(EventTime), PerHourCount = count() by ip, bin(EventTime, 4h), user\n| where PerHourCount > threshold\n| mvexpand EventTimes\n| extend EventTimes = tostring(EventTimes) \n| summarize StartTimeUtc = min(EventTimes), EndTimeUtc = max(EventTimes), UserList = makeset(user), sum(PerHourCount) by IPAddress = ip\n| extend UserList = tostring(UserList) \n| extend timestamp = StartTimeUtc, IPCustomEntity = IPAddress, AccountCustomEntity = UserList",
            "suppressionDuration": "PT5H",
            "suppressionEnabled": false,
            "tactics": [
                "CredentialAccess"
            ],
            "displayName": "SSH - Potential Brute Force",
            "enabled": true,
            "description": "Identifies an IP address that had 15 failed attempts to sign in via SSH in a 4 hour block during a 24 hour time period.",
            "alertRuleTemplateName": "e1ce0eab-10d1-4aae-863f-9a383345ba88"
        },
        "apiVersion": "2021-09-01-preview"
    }
]
}
