{
    "$schema": "https://schema.management.azure.com/schemas/2019-04-01/deploymentTemplate.json#",
    "contentVersion": "1.0.0.0",
    "parameters": {
        "workspace": {
            "type": "String"
        }
    },
    "resources": [
        {
            "id": "[concat(resourceId('Microsoft.OperationalInsights/workspaces/providers', parameters('workspace'), 'Microsoft.SecurityInsights'),'/alertRules/db5fe1e0-4b13-4ecd-8805-44955cdffb88')]",
            "name": "[concat(parameters('workspace'),'/Microsoft.SecurityInsights/db5fe1e0-4b13-4ecd-8805-44955cdffb88')]",
            "type": "Microsoft.OperationalInsights/workspaces/providers/alertRules",
            "kind": "Scheduled",
            "properties": {
                "incidentConfiguration": {
                    "createIncident": true,
                    "groupingConfiguration": {
                        "enabled": false,
                        "reopenClosedIncident": false,
                        "lookbackDuration": "PT5H",
                        "matchingMethod": "AllEntities",
                    "groupByEntities": [],
                    "groupByAlertDetails": null,
                    "groupByCustomDetails": null
                }
            },
            "queryFrequency": "P1D",
            "queryPeriod": "P1D",
            "triggerOperator": "GreaterThan",
            "triggerThreshold": 0,
            "eventGroupingSettings": {
                "aggregationKind": "SingleAlert"
            },
            "severity": "Medium",
            "query": "let timeFrame = 1d;\nlet logonDiff = 10m;\nSigninLogs \n| where TimeGenerated >= ago(timeFrame) \n| where ResultType == \"0\" \n| where AppDisplayName !in (\"Office 365 Exchange Online\", \"Skype for Business Online\")\n| project SuccessLogonTime = TimeGenerated, UserPrincipalName, SuccessIPAddress = IPAddress, AppDisplayName, SuccessIPBlock = strcat(split(IPAddress, \".\")[0], \".\", split(IPAddress, \".\")[1])\n| join kind= inner (\n    SigninLogs \n    | where TimeGenerated >= ago(timeFrame) \n    | where ResultType !in (\"0\", \"50140\") \n    | where ResultDescription !~ \"Other\"  \n    | where AppDisplayName !in (\"Office 365 Exchange Online\", \"Skype for Business Online\")\n    | project FailedLogonTime = TimeGenerated, UserPrincipalName, FailedIPAddress = IPAddress, AppDisplayName, ResultType, ResultDescription\n) on UserPrincipalName, AppDisplayName \n| where SuccessLogonTime < FailedLogonTime and FailedLogonTime - SuccessLogonTime <= logonDiff and FailedIPAddress !startswith SuccessIPBlock\n| summarize FailedLogonTime = max(FailedLogonTime), SuccessLogonTime = max(SuccessLogonTime) by UserPrincipalName, SuccessIPAddress, AppDisplayName, FailedIPAddress, ResultType, ResultDescription \n| extend timestamp = SuccessLogonTime, AccountCustomEntity = UserPrincipalName, IPCustomEntity = SuccessIPAddress",
            "suppressionDuration": "PT5H",
            "suppressionEnabled": false,
            "tactics": [
                "CredentialAccess",
                "InitialAccess"
            ],
            "displayName": "Successful logon from IP and failure from a different IP",
            "enabled": true,
            "description": "Identifies when a user account successfully logs onto an Azure App from one IP and within 10 mins failed to logon to the same App via a different IP.\nThis may indicate a malicious attempt at password guessing based on knowledge of the users account.",
            "alertRuleTemplateName": "02ef8d7e-fc3a-4d86-a457-650fa571d8d2"
        },
        "apiVersion": "2021-09-01-preview"
    }
]
}
