{
    "$schema": "https://schema.management.azure.com/schemas/2019-04-01/deploymentTemplate.json#",
    "contentVersion": "1.0.0.0",
    "parameters": {
        "workspace": {
            "type": "String"
        }
    },
    "resources": [
        {
            "id": "[concat(resourceId('Microsoft.OperationalInsights/workspaces/providers', parameters('workspace'), 'Microsoft.SecurityInsights'),'/alertRules/dee0060a-9b23-4bf3-a7ea-d870b56ea6c0')]",
            "name": "[concat(parameters('workspace'),'/Microsoft.SecurityInsights/dee0060a-9b23-4bf3-a7ea-d870b56ea6c0')]",
            "type": "Microsoft.OperationalInsights/workspaces/providers/alertRules",
            "kind": "Scheduled",
            "properties": {
                "incidentConfiguration": {
                    "createIncident": true,
                    "groupingConfiguration": {
                        "enabled": false,
                        "reopenClosedIncident": false,
                        "lookbackDuration": "PT5H",
                        "matchingMethod": "AllEntities",
                    "groupByEntities": [],
                "groupByAlertDetails": [],
            "groupByCustomDetails": []
        }
    },
    "entityMappings": [
        {
            "entityType": "Account",
            "fieldMappings": [
                {
                    "identifier": "FullName",
                    "columnName": "AccountCustomEntity"
                }
            ]
        },
        {
            "entityType": "Host",
            "fieldMappings": [
                {
                    "identifier": "FullName",
                    "columnName": "HostCustomEntity"
                }
            ]
        },
        {
            "entityType": "FileHash",
            "fieldMappings": [
                {
                    "identifier": "Algorithm",
                    "columnName": "MD5"
                },
                {
                    "identifier": "Value",
                    "columnName": "FileHashCustomEntity"
                }
            ]
        }
    ],
    "queryFrequency": "PT5M",
    "queryPeriod": "PT5M",
    "triggerOperator": "GreaterThan",
    "triggerThreshold": 0,
    "eventGroupingSettings": {
        "aggregationKind": "SingleAlert"
    },
    "severity": "High",
    "query": "let SunburstMD5=dynamic([\"b91ce2fa41029f6955bff20079468448\",\"02af7cec58b9a5da1c542b5a32151ba1\",\"2c4a910a1299cdae2a4e55988a2f102e\",\"846e27a652a5e1bfbd0ddd38a16dc865\",\"4f2eb62fa529c0283b28d05ddd311fae\"]);\nlet SupernovaMD5=\"56ceb6d0011d87b6e4d7023d7ef85676\";\nDeviceFileEvents\n| where MD5 in(SunburstMD5) or MD5 in(SupernovaMD5)\n| extend\n    timestamp = TimeGenerated,\n    AccountCustomEntity = iff(isnotempty(InitiatingProcessAccountUpn), InitiatingProcessAccountUpn, InitiatingProcessAccountName),\n    HostCustomEntity = DeviceName,\n    FileHashCustomEntity = MD5",
    "suppressionDuration": "PT5H",
    "suppressionEnabled": false,
    "tactics": [
        "Execution",
        "Persistence"
    ],
    "displayName": "SUNBURST and SUPERNOVA backdoor hashes",
    "enabled": true,
    "description": "Identifies SolarWinds SUNBURST and SUPERNOVA backdoor file hash IOCs in DeviceFileEvents\nReferences:\n- https://www.fireeye.com/blog/threat-research/2020/12/evasive-attacker-leverages-solarwinds-supply-chain-compromises-with-sunburst-backdoor.html\n- https://gist.github.com/olafhartong/71ffdd4cab4b6acd5cbcd1a0691ff82f",
    "alertRuleTemplateName": "a3c144f9-8051-47d4-ac29-ffb0c312c910"
},
"apiVersion": "2021-09-01-preview"
}
]
}
