{
    "$schema": "https://schema.management.azure.com/schemas/2019-04-01/deploymentTemplate.json#",
    "contentVersion": "1.0.0.0",
    "parameters": {
        "workspace": {
            "type": "String"
        }
    },
    "resources": [
        {
            "id": "[concat(resourceId('Microsoft.OperationalInsights/workspaces/providers', parameters('workspace'), 'Microsoft.SecurityInsights'),'/alertRules/445018fc-44fd-4565-bb82-c84308c65ca0')]",
            "name": "[concat(parameters('workspace'),'/Microsoft.SecurityInsights/445018fc-44fd-4565-bb82-c84308c65ca0')]",
            "type": "Microsoft.OperationalInsights/workspaces/providers/alertRules",
            "kind": "Scheduled",
            "properties": {
                "incidentConfiguration": {
                    "createIncident": true,
                    "groupingConfiguration": {
                        "enabled": false,
                        "reopenClosedIncident": false,
                        "lookbackDuration": "PT5H",
                        "matchingMethod": "AllEntities",
                    "groupByEntities": [],
                "groupByAlertDetails": [],
            "groupByCustomDetails": []
        }
    },
    "entityMappings": [
        {
            "entityType": "Account",
            "fieldMappings": [
                {
                    "identifier": "FullName",
                    "columnName": "AccountCustomEntity"
                }
            ]
        },
        {
            "entityType": "Host",
            "fieldMappings": [
                {
                    "identifier": "FullName",
                    "columnName": "HostCustomEntity"
                }
            ]
        },
        {
            "entityType": "IP",
            "fieldMappings": [
                {
                    "identifier": "Address",
                    "columnName": "IPCustomEntity"
                }
            ]
        },
        {
            "entityType": "URL",
            "fieldMappings": [
                {
                    "identifier": "Url",
                    "columnName": "URLCustomEntity"
                }
            ]
        },
        {
            "entityType": "FileHash",
            "fieldMappings": [
                {
                    "identifier": "Algorithm",
                    "columnName": "HashAlgorithm"
                },
                {
                    "identifier": "Value",
                    "columnName": "FileHashCustomEntity"
                }
            ]
        }
    ],
    "queryFrequency": "PT5M",
    "queryPeriod": "PT5M",
    "triggerOperator": "GreaterThan",
    "triggerThreshold": 0,
    "eventGroupingSettings": {
        "aggregationKind": "SingleAlert"
    },
    "severity": "Medium",
    "query": "let SunburstURL=dynamic([\"panhardware.com\",\"databasegalore.com\",\"avsvmcloud.com\",\"freescanonline.com\",\"thedoccloud.com\",\"deftsecurity.com\"]);\nDeviceNetworkEvents\n| where ActionType == \"ConnectionSuccess\"\n| where RemoteUrl in(SunburstURL)\n| extend\n    timestamp = TimeGenerated,\n    AccountCustomEntity = iff(isnotempty(InitiatingProcessAccountUpn), InitiatingProcessAccountUpn, InitiatingProcessAccountName),\n    HostCustomEntity = DeviceName,\n    FileHashCustomEntity = InitiatingProcessMD5, \n    HashAlgorithm = 'MD5',\n    URLCustomEntity = RemoteUrl,\n    IPCustomEntity = RemoteIP",
    "suppressionDuration": "PT5H",
    "suppressionEnabled": false,
    "tactics": [
        "Execution",
        "Persistence"
    ],
    "displayName": "SUNBURST network beacons",
    "enabled": true,
    "description": "Identifies SolarWinds SUNBURST domain beacon IOCs in DeviceNetworkEvents\nReferences:\n- https://www.fireeye.com/blog/threat-research/2020/12/evasive-attacker-leverages-solarwinds-supply-chain-compromises-with-sunburst-backdoor.html\n- https://gist.github.com/olafhartong/71ffdd4cab4b6acd5cbcd1a0691ff82f",
    "alertRuleTemplateName": "ce1e7025-866c-41f3-9b08-ec170e05e73e"
},
"apiVersion": "2021-09-01-preview"
}
]
}
