{
    "$schema": "https://schema.management.azure.com/schemas/2019-04-01/deploymentTemplate.json#",
    "contentVersion": "1.0.0.0",
    "parameters": {
        "workspace": {
            "type": "String"
        }
    },
    "resources": [
        {
            "id": "[concat(resourceId('Microsoft.OperationalInsights/workspaces/providers', parameters('workspace'), 'Microsoft.SecurityInsights'),'/alertRules/f51cfce3-2e90-4f8b-babf-ededa4e8abf5')]",
            "name": "[concat(parameters('workspace'),'/Microsoft.SecurityInsights/f51cfce3-2e90-4f8b-babf-ededa4e8abf5')]",
            "type": "Microsoft.OperationalInsights/workspaces/providers/alertRules",
            "kind": "Scheduled",
            "properties": {
                "incidentConfiguration": {
                    "createIncident": true,
                    "groupingConfiguration": {
                        "enabled": false,
                        "reopenClosedIncident": false,
                        "lookbackDuration": "PT5H",
                        "matchingMethod": "AllEntities",
                    "groupByEntities": [],
                "groupByAlertDetails": [],
            "groupByCustomDetails": []
        }
    },
    "entityMappings": [
        {
            "entityType": "Account",
            "fieldMappings": [
                {
                    "identifier": "FullName",
                    "columnName": "AccountCustomEntity"
                }
            ]
        },
        {
            "entityType": "Host",
            "fieldMappings": [
                {
                    "identifier": "FullName",
                    "columnName": "HostCustomEntity"
                }
            ]
        },
        {
            "entityType": "FileHash",
            "fieldMappings": [
                {
                    "identifier": "Algorithm",
                    "columnName": "MD5"
                },
                {
                    "identifier": "Value",
                    "columnName": "FileHashCustomEntity"
                }
            ]
        }
    ],
    "queryFrequency": "PT5M",
    "queryPeriod": "PT5M",
    "triggerOperator": "GreaterThan",
    "triggerThreshold": 0,
    "eventGroupingSettings": {
        "aggregationKind": "SingleAlert"
    },
    "severity": "Medium",
    "query": "let excludeProcs = dynamic([@\"\\SolarWinds\\Orion\\APM\\APMServiceControl.exe\", @\"\\SolarWinds\\Orion\\ExportToPDFCmd.Exe\", @\"\\SolarWinds.Credentials\\SolarWinds.Credentials.Orion.WebApi.exe\", @\"\\SolarWinds\\Orion\\Topology\\SolarWinds.Orion.Topology.Calculator.exe\", @\"\\SolarWinds\\Orion\\Database-Maint.exe\", @\"\\SolarWinds.Orion.ApiPoller.Service\\SolarWinds.Orion.ApiPoller.Service.exe\", @\"\\Windows\\SysWOW64\\WerFault.exe\"]);\nDeviceProcessEvents\n| where InitiatingProcessFileName =~ \"solarwinds.businesslayerhost.exe\"\n| where not(FolderPath has_any (excludeProcs))\n| extend\n    timestamp = TimeGenerated,\n    AccountCustomEntity = iff(isnotempty(InitiatingProcessAccountUpn), InitiatingProcessAccountUpn, InitiatingProcessAccountName),\n    HostCustomEntity = DeviceName,\n    FileHashCustomEntity = MD5",
    "suppressionDuration": "PT5H",
    "suppressionEnabled": false,
    "tactics": [
        "Execution",
        "Persistence"
    ],
    "displayName": "SUNBURST suspicious SolarWinds child processes",
    "enabled": true,
    "description": "Identifies suspicious child processes of SolarWinds.Orion.Core.BusinessLayer.dll that may be evidence of the SUNBURST backdoor\nReferences:\n- https://www.fireeye.com/blog/threat-research/2020/12/evasive-attacker-leverages-solarwinds-supply-chain-compromises-with-sunburst-backdoor.html\n- https://gist.github.com/olafhartong/71ffdd4cab4b6acd5cbcd1a0691ff82f",
    "alertRuleTemplateName": "4a3073ac-7383-48a9-90a8-eb6716183a54"
},
"apiVersion": "2021-09-01-preview"
}
]
}
