{
    "$schema": "https://schema.management.azure.com/schemas/2019-04-01/deploymentTemplate.json#",
    "contentVersion": "1.0.0.0",
    "parameters": {
        "workspace": {
            "type": "String"
        }
    },
    "resources": [
        {
            "id": "[concat(resourceId('Microsoft.OperationalInsights/workspaces/providers', parameters('workspace'), 'Microsoft.SecurityInsights'),'/alertRules/ed7c8f8a-2625-44c7-8e7c-4a72284f4adc')]",
            "name": "[concat(parameters('workspace'),'/Microsoft.SecurityInsights/ed7c8f8a-2625-44c7-8e7c-4a72284f4adc')]",
            "type": "Microsoft.OperationalInsights/workspaces/providers/alertRules",
            "kind": "Scheduled",
            "properties": {
                "incidentConfiguration": {
                    "createIncident": true,
                    "groupingConfiguration": {
                        "enabled": false,
                        "reopenClosedIncident": false,
                        "lookbackDuration": "PT5H",
                        "matchingMethod": "AllEntities",
                    "groupByEntities": [],
                    "groupByAlertDetails": null,
                    "groupByCustomDetails": null
                }
            },
            "queryFrequency": "P1D",
            "queryPeriod": "P7D",
            "triggerOperator": "GreaterThan",
            "triggerThreshold": 0,
            "eventGroupingSettings": {
                "aggregationKind": "SingleAlert"
            },
            "severity": "Medium",
            "query": "let szOperationNames = dynamic([\"Create or Update Virtual Machine\", \"Create Deployment\"]);\nlet starttime = 7d;\nlet endtime = 1d;\nAzureActivity\n| where TimeGenerated between (startofday(ago(starttime)) .. startofday(ago(endtime)))\n| where OperationName in~ (szOperationNames)\n| summarize StartTimeUtc = min(TimeGenerated), EndTimeUtc = max(TimeGenerated), ActivityTimeStamp = makelist(TimeGenerated), ActivityStatus = makelist(ActivityStatus), \nOperationIds = makelist(OperationId), CallerIpAddress = makelist(CallerIpAddress), CorrelationId = makelist(CorrelationId) \nby ResourceId, Caller, OperationName, Resource, ResourceGroup\n| mvexpand CallerIpAddress\n| where isnotempty(CallerIpAddress)\n| make-series dResourceCount=dcount(ResourceId)  default=0 on StartTimeUtc in range(startofday(ago(7d)), now(), 1d) \nby Caller, tostring(ActivityTimeStamp), tostring(ActivityStatus), tostring(OperationIds), tostring(CallerIpAddress), tostring(CorrelationId), ResourceId, OperationName, Resource, ResourceGroup\n| extend (RSquare,Slope,Variance,RVariance,Interception,LineFit)=series_fit_line(dResourceCount)\n| where Slope > 0.2\n| join kind=leftsemi (\n// Last day's activity is anomalous\nAzureActivity\n| where TimeGenerated >= startofday(ago(endtime))\n| where OperationName in~ (szOperationNames)\n| summarize StartTimeUtc = min(TimeGenerated), EndTimeUtc = max(TimeGenerated), ActivityTimeStamp = makelist(TimeGenerated), ActivityStatus = makelist(ActivityStatus), \nOperationIds = makelist(OperationId), CallerIpAddress = makelist(CallerIpAddress), CorrelationId = makelist(CorrelationId) \nby ResourceId, Caller, OperationName, Resource, ResourceGroup\n| mvexpand CallerIpAddress\n| where isnotempty(CallerIpAddress)\n| make-series dResourceCount=dcount(ResourceId)  default=0 on StartTimeUtc in range(startofday(ago(1d)), now(), 1d) \nby Caller, tostring(ActivityTimeStamp), tostring(ActivityStatus), tostring(OperationIds), tostring(CallerIpAddress), tostring(CorrelationId), ResourceId, OperationName, Resource, ResourceGroup\n| extend (RSquare,Slope,Variance,RVariance,Interception,LineFit)=series_fit_line(dResourceCount)\n| where Slope > 0.2    \n) on Caller, CallerIpAddress        \n| mvexpand todynamic(ActivityTimeStamp), todynamic(ActivityStatus), todynamic(OperationIds), todynamic(CorrelationId)\n| extend timestamp = ActivityTimeStamp, AccountCustomEntity = Caller, IPCustomEntity = CallerIpAddress",
            "suppressionDuration": "PT5H",
            "suppressionEnabled": false,
            "tactics": [
                "Impact"
            ],
            "displayName": "Suspicious number of resource creation or deployment activities",
            "enabled": true,
            "description": "Indicates when an anomalous number of VM creations or deployment activities occur in Azure via the AzureActivity log.\nThe anomaly detection identifies activities that have occurred both since the start of the day 1 day ago and the start of the day 7 days ago.\nThe start of the day is considered 12am UTC time.",
            "alertRuleTemplateName": "361dd1e3-1c11-491e-82a3-bb2e44ac36ba"
        },
        "apiVersion": "2021-09-01-preview"
    }
]
}
