{
    "$schema": "https://schema.management.azure.com/schemas/2019-04-01/deploymentTemplate.json#",
    "contentVersion": "1.0.0.0",
    "parameters": {
        "workspace": {
            "type": "String"
        }
    },
    "resources": [
        {
            "id": "[concat(resourceId('Microsoft.OperationalInsights/workspaces/providers', parameters('workspace'), 'Microsoft.SecurityInsights'),'/alertRules/18231cbf-1f4c-4222-b4d1-b671111019e7')]",
            "name": "[concat(parameters('workspace'),'/Microsoft.SecurityInsights/18231cbf-1f4c-4222-b4d1-b671111019e7')]",
            "type": "Microsoft.OperationalInsights/workspaces/providers/alertRules",
            "kind": "Scheduled",
            "properties": {
                "incidentConfiguration": {
                    "createIncident": true,
                    "groupingConfiguration": {
                        "enabled": false,
                        "reopenClosedIncident": false,
                        "lookbackDuration": "PT5H",
                        "matchingMethod": "AllEntities",
                    "groupByEntities": [],
                    "groupByAlertDetails": null,
                    "groupByCustomDetails": null
                }
            },
            "queryFrequency": "P1D",
            "queryPeriod": "P14D",
            "triggerOperator": "GreaterThan",
            "triggerThreshold": 0,
            "eventGroupingSettings": {
                "aggregationKind": "SingleAlert"
            },
            "severity": "Low",
            "query": "let szOperationNames = dynamic([\"Create or Update Virtual Machine\", \"Create Deployment\"]);\nlet starttime = 14d;\nlet endtime = 1d;\nlet RareCaller = AzureActivity\n| where TimeGenerated between (ago(starttime) .. ago(endtime))\n| where OperationName in~ (szOperationNames)\n| project ResourceGroup, Caller, OperationName, CallerIpAddress\n| join kind=rightantisemi (\nAzureActivity\n| where TimeGenerated > ago(endtime)\n| where OperationName in~ (szOperationNames)\n| summarize StartTimeUtc = min(TimeGenerated), EndTimeUtc = max(TimeGenerated), ActivityStatus = makeset(ActivityStatus), OperationIds = makeset(OperationId), CallerIpAddress = makeset(CallerIpAddress) \nby ResourceId, Caller, OperationName, Resource, ResourceGroup\n) on Caller, ResourceGroup \n| mvexpand CallerIpAddress\n| where isnotempty(CallerIpAddress);\nlet Counts = RareCaller | summarize ActivityCountByCaller = count() by Caller;\nRareCaller | join kind= inner (Counts) on Caller | project-away Caller1\n| extend timestamp = StartTimeUtc, AccountCustomEntity = Caller, IPCustomEntity = tostring(CallerIpAddress)\n| sort by ActivityCountByCaller desc nulls last",
            "suppressionDuration": "PT5H",
            "suppressionEnabled": false,
            "tactics": [
                "Impact"
            ],
            "displayName": "Suspicious Resource deployment",
            "enabled": true,
            "description": "Identifies when a rare Resource and ResourceGroup deployment occurs by a previously unseen Caller.",
            "alertRuleTemplateName": "9fb57e58-3ed8-4b89-afcf-c8e786508b1c"
        },
        "apiVersion": "2021-09-01-preview"
    }
]
}
