{
    "$schema": "https://schema.management.azure.com/schemas/2019-04-01/deploymentTemplate.json#",
    "contentVersion": "1.0.0.0",
    "parameters": {
        "workspace": {
            "type": "String"
        }
    },
    "resources": [
        {
            "id": "[concat(resourceId('Microsoft.OperationalInsights/workspaces/providers', parameters('workspace'), 'Microsoft.SecurityInsights'),'/alertRules/6148ddb4-2043-440f-9834-a537d313d61a')]",
            "name": "[concat(parameters('workspace'),'/Microsoft.SecurityInsights/6148ddb4-2043-440f-9834-a537d313d61a')]",
            "type": "Microsoft.OperationalInsights/workspaces/providers/alertRules",
            "kind": "Scheduled",
            "properties": {
                "incidentConfiguration": {
                    "createIncident": true,
                    "groupingConfiguration": {
                        "enabled": false,
                        "reopenClosedIncident": false,
                        "lookbackDuration": "PT5H",
                        "matchingMethod": "AllEntities",
                    "groupByEntities": [],
                "groupByAlertDetails": [],
            "groupByCustomDetails": []
        }
    },
    "entityMappings": [
        {
            "entityType": "Account",
            "fieldMappings": [
                {
                    "identifier": "Name",
                    "columnName": "GrantInitiatedBy"
                }
            ]
        },
        {
            "entityType": "CloudApplication",
            "fieldMappings": [
                {
                    "identifier": "Name",
                    "columnName": "AppDisplayName"
                }
            ]
        },
        {
            "entityType": "IP",
            "fieldMappings": [
                {
                    "identifier": "Address",
                    "columnName": "GrantIpAddress"
                }
            ]
        }
    ],
    "queryFrequency": "P1D",
    "queryPeriod": "P14D",
    "triggerOperator": "GreaterThan",
    "triggerThreshold": 0,
    "eventGroupingSettings": {
        "aggregationKind": "SingleAlert"
    },
    "severity": "Low",
    "query": "let detectionTime = 1d;\nlet joinLookback = 14d;\nAuditLogs\n| where TimeGenerated > ago(detectionTime)\n| where LoggedByService =~ \"Core Directory\"\n| where Category =~ \"ApplicationManagement\"\n| where OperationName =~ \"Consent to application\"\n| where TargetResources has \"offline\"\n| extend AppDisplayName = TargetResources.[0].displayName\n| extend AppClientId = tolower(TargetResources.[0].id)\n| where AppClientId !in ((externaldata(knownAppClientId:string, knownAppDisplayName:string)[@\"https://raw.githubusercontent.com/Azure/Azure-Sentinel/master/Sample%20Data/Feeds/Microsoft.OAuth.KnownApplications.csv\"] with (format=\"csv\")))\n| extend ConsentFull = TargetResources[0].modifiedProperties[4].newValue\n| parse ConsentFull with * \"ConsentType: \" GrantConsentType \", Scope: \" GrantScope1 \"]\" *\n| where ConsentFull contains \"offline_access\" and ConsentFull contains \"Files.Read\" or ConsentFull contains \"Mail.Read\" or ConsentFull contains \"Notes.Read\" or ConsentFull contains \"ChannelMessage.Read\" or ConsentFull contains \"Chat.Read\" or ConsentFull contains \"TeamsActivity.Read\" or ConsentFull contains \"Group.Read\" or ConsentFull contains \"EWS.AccessAsUser.All\" or ConsentFull contains \"EAS.AccessAsUser.All\"\n| where GrantConsentType != \"AllPrincipals\" // NOTE: we are ignoring if OAuth application was granted to all users via an admin - but admin due diligence should be audited occasionally\n| extend GrantIpAddress = iff(isnotempty(InitiatedBy.user.ipAddress), InitiatedBy.user.ipAddress, InitiatedBy.app.ipAddress)\n| extend GrantInitiatedBy = iff(isnotempty(InitiatedBy.user.userPrincipalName),InitiatedBy.user.userPrincipalName, InitiatedBy.app.displayName)\n| extend GrantUserAgent = iff(AdditionalDetails[0].key =~ \"User-Agent\", AdditionalDetails[0].value, \"\")\n| project TimeGenerated, GrantConsentType, GrantScope1, GrantInitiatedBy, AppDisplayName, GrantIpAddress, GrantUserAgent, AppClientId, OperationName, ConsentFull, CorrelationId\n| join kind = leftouter (AuditLogs\n| where TimeGenerated > ago(joinLookback)\n| where LoggedByService =~ \"Core Directory\"\n| where Category =~ \"ApplicationManagement\"\n| where OperationName =~ \"Add service principal\"\n| extend AppClientId = tolower(TargetResources[0].id)\n| extend AppReplyURLs = iff(TargetResources[0].modifiedProperties[1].newValue has \"AddressType\", TargetResources[0].modifiedProperties[1].newValue, \"\")\n| distinct AppClientId, tostring(AppReplyURLs)\n)\non AppClientId\n| join kind = innerunique (AuditLogs\n| where TimeGenerated > ago(joinLookback)\n| where LoggedByService =~ \"Core Directory\"\n| where Category =~ \"ApplicationManagement\"\n| where OperationName =~ \"Add OAuth2PermissionGrant\" or OperationName =~ \"Add delegated permission grant\"\n| extend GrantAuthentication = tostring(TargetResources[0].displayName)\n| extend GrantOperation = OperationName\n| project GrantAuthentication, GrantOperation, CorrelationId\n) on CorrelationId\n| project TimeGenerated, GrantConsentType, GrantScope1, GrantInitiatedBy, AppDisplayName, AppReplyURLs, GrantIpAddress, GrantUserAgent, AppClientId, GrantAuthentication, OperationName, GrantOperation, CorrelationId, ConsentFull",
    "suppressionDuration": "PT5H",
    "suppressionEnabled": false,
    "tactics": [
        "CredentialAccess"
    ],
    "displayName": "Suspicious application consent for offline access",
    "enabled": true,
    "description": "This will alert when a user consents to provide a previously-unknown Azure application with offline access via OAuth.\nOffline access will provide the Azure App with access to the listed resources without requiring two-factor authentication.\nConsent to applications with offline access and read capabilities should be rare, especially as the knownApplications list is expanded. Public contributions to expand this filter are welcome!\nFor further information on AuditLogs please see https://docs.microsoft.com/azure/active-directory/reports-monitoring/reference-audit-activities.",
    "alertRuleTemplateName": "3533f74c-9207-4047-96e2-0eb9383be587"
},
"apiVersion": "2021-09-01-preview"
}
]
}
