{
    "$schema": "https://schema.management.azure.com/schemas/2019-04-01/deploymentTemplate.json#",
    "contentVersion": "1.0.0.0",
    "parameters": {
        "workspace": {
            "type": "String"
        }
    },
    "resources": [
        {
            "id": "[concat(resourceId('Microsoft.OperationalInsights/workspaces/providers', parameters('workspace'), 'Microsoft.SecurityInsights'),'/alertRules/4677410f-c8de-4e57-98db-a9e017b95d06')]",
            "name": "[concat(parameters('workspace'),'/Microsoft.SecurityInsights/4677410f-c8de-4e57-98db-a9e017b95d06')]",
            "type": "Microsoft.OperationalInsights/workspaces/providers/alertRules",
            "kind": "Scheduled",
            "properties": {
                "incidentConfiguration": {
                    "createIncident": true,
                    "groupingConfiguration": {
                        "enabled": false,
                        "reopenClosedIncident": false,
                        "lookbackDuration": "PT5H",
                        "matchingMethod": "AllEntities",
                    "groupByEntities": [],
                    "groupByAlertDetails": null,
                    "groupByCustomDetails": null
                }
            },
            "queryFrequency": "P1D",
            "queryPeriod": "P14D",
            "triggerOperator": "GreaterThan",
            "triggerThreshold": 0,
            "eventGroupingSettings": {
                "aggregationKind": "SingleAlert"
            },
            "severity": "Medium",
            "query": "let starttime = 14d;\nlet endtime = 1d;\n// The number of operations below which an IP address is considered an unusual source of role assignment operations\nlet alertOperationThreshold = 5;\nlet createRoleAssignmentActivity = AzureActivity\n| where OperationName == \"Create role assignment\";\ncreateRoleAssignmentActivity \n| where TimeGenerated between (ago(starttime) .. ago(endtime))\n| summarize count() by CallerIpAddress, Caller\n| where count_ >= alertOperationThreshold\n| join kind = rightanti ( \ncreateRoleAssignmentActivity\n| where TimeGenerated > ago(endtime)\n| summarize StartTimeUtc = min(TimeGenerated), EndTimeUtc = max(TimeGenerated), ActivityTimeStamp = makelist(TimeGenerated), ActivityStatus = makelist(ActivityStatus), \nOperationIds = makelist(OperationId), CorrelationId = makelist(CorrelationId), ActivityCountByCallerIPAddress = count()  \nby ResourceId, CallerIpAddress, Caller, OperationName, Resource, ResourceGroup\n) on CallerIpAddress, Caller\n| extend timestamp = StartTimeUtc, AccountCustomEntity = Caller, IPCustomEntity = CallerIpAddress",
            "suppressionDuration": "PT5H",
            "suppressionEnabled": false,
            "tactics": [
                "Persistence",
                "PrivilegeEscalation"
            ],
            "displayName": "Suspicious granting of permissions to an account",
            "enabled": true,
            "description": "Identifies IPs from which users grant access to other users on azure resources and alerts when a previously unseen source IP address is used.",
            "alertRuleTemplateName": "b2c15736-b9eb-4dae-8b02-3016b6a45a32"
        },
        "apiVersion": "2021-09-01-preview"
    }
]
}
