{
    "$schema": "https://schema.management.azure.com/schemas/2019-04-01/deploymentTemplate.json#",
    "contentVersion": "1.0.0.0",
    "parameters": {
        "workspace": {
            "type": "String"
        }
    },
    "resources": [
        {
            "id": "[concat(resourceId('Microsoft.OperationalInsights/workspaces/providers', parameters('workspace'), 'Microsoft.SecurityInsights'),'/alertRules/962f1543-ef82-48bd-8b8a-fcf2ca263f7e')]",
            "name": "[concat(parameters('workspace'),'/Microsoft.SecurityInsights/962f1543-ef82-48bd-8b8a-fcf2ca263f7e')]",
            "type": "Microsoft.OperationalInsights/workspaces/providers/alertRules",
            "kind": "Scheduled",
            "properties": {
                "incidentConfiguration": {
                    "createIncident": true,
                    "groupingConfiguration": {
                        "enabled": false,
                        "reopenClosedIncident": false,
                        "lookbackDuration": "PT5H",
                        "matchingMethod": "AllEntities",
                    "groupByEntities": [],
                    "groupByAlertDetails": null,
                    "groupByCustomDetails": null
                }
            },
            "entityMappings": [
                {
                    "entityType": "Account",
                    "fieldMappings": [
                        {
                            "identifier": "Name",
                            "columnName": "UserName"
                        }
                    ]
                },
                {
                    "entityType": "IP",
                    "fieldMappings": [
                        {
                            "identifier": "Address",
                            "columnName": "ParsedIP"
                        }
                    ]
                },
                {
                    "entityType": "Host",
                    "fieldMappings": [
                        {
                            "identifier": "HostName",
                            "columnName": "SourceSystem"
                        }
                    ]
                }
            ],
            "queryFrequency": "PT5M",
            "queryPeriod": "PT5M",
            "triggerOperator": "GreaterThan",
            "triggerThreshold": 0,
            "eventGroupingSettings": {
                "aggregationKind": "SingleAlert"
            },
            "severity": "Medium",
            "query": "Watchlist\r\n| where TimeGenerated >= ago(1d)\r\n| extend BadIP = tostring(WatchlistItem.IPAddress)\r\n| project BadIP\r\n| join (\r\n    Event\r\n| extend IPaddr = tostring(extract_all(@\"((?:[0-9]{1,3}\\.){3}[0-9]{1,3})\", RenderedDescription))\r\n| where IPaddr startswith \"[\"\r\n| parse IPaddr with \"[\\\"\" ParsedIP \"\\\"]\" *\r\n) on $left.BadIP==$right.ParsedIP",
            "suppressionDuration": "PT5H",
            "suppressionEnabled": false,
            "tactics": [
                "InitialAccess",
                "Execution",
                "Persistence",
                "LateralMovement",
                "Exfiltration",
                "CommandAndControl"
            ],
            "displayName": "Sysmon - Watchlist IOC",
            "enabled": true,
            "description": "",
            "alertRuleTemplateName": null
        },
        "apiVersion": "2021-09-01-preview"
    }
]
}
