{
    "$schema": "https://schema.management.azure.com/schemas/2019-04-01/deploymentTemplate.json#",
    "contentVersion": "1.0.0.0",
    "parameters": {
        "workspace": {
            "type": "String"
        }
    },
    "resources": [
        {
            "id": "[concat(resourceId('Microsoft.OperationalInsights/workspaces/providers', parameters('workspace'), 'Microsoft.SecurityInsights'),'/alertRules/abd60d4f-1a6f-40b0-84d6-f96394e7de39')]",
            "name": "[concat(parameters('workspace'),'/Microsoft.SecurityInsights/abd60d4f-1a6f-40b0-84d6-f96394e7de39')]",
            "type": "Microsoft.OperationalInsights/workspaces/providers/alertRules",
            "kind": "Scheduled",
            "properties": {
                "incidentConfiguration": {
                    "createIncident": true,
                    "groupingConfiguration": {
                        "enabled": false,
                        "reopenClosedIncident": false,
                        "lookbackDuration": "PT5H",
                        "matchingMethod": "AllEntities",
                    "groupByEntities": [],
                    "groupByAlertDetails": null,
                    "groupByCustomDetails": null
                }
            },
            "queryFrequency": "PT5M",
            "queryPeriod": "PT5M",
            "triggerOperator": "GreaterThan",
            "triggerThreshold": 0,
            "eventGroupingSettings": {
                "aggregationKind": "SingleAlert"
            },
            "severity": "Medium",
            "query": "//Whoami is often used by attackers to determine what machine they are logged into\r\nEvent\r\n| where RenderedDescription has \"C:\\\\Windows\\\\System32\\\\whoami.exe\"\r\n| extend HostCustomEntity = UserName\r\n| extend AccountCustomEntity = Computer",
            "suppressionDuration": "PT5H",
            "suppressionEnabled": false,
        "tactics": [],
        "displayName": "Sysmon - Whoami Execution",
        "enabled": true,
        "description": "Whoami is often used by attackers to determine what machine they are logged into",
        "alertRuleTemplateName": null
    },
    "apiVersion": "2021-09-01-preview"
}
]
}
