{
    "$schema": "https://schema.management.azure.com/schemas/2019-04-01/deploymentTemplate.json#",
    "contentVersion": "1.0.0.0",
    "parameters": {
        "workspace": {
            "type": "String"
        }
    },
    "resources": [
        {
            "id": "[concat(resourceId('Microsoft.OperationalInsights/workspaces/providers', parameters('workspace'), 'Microsoft.SecurityInsights'),'/alertRules/c91a633d-0243-46a5-9b3c-4217d29e2ad2')]",
            "name": "[concat(parameters('workspace'),'/Microsoft.SecurityInsights/c91a633d-0243-46a5-9b3c-4217d29e2ad2')]",
            "type": "Microsoft.OperationalInsights/workspaces/providers/alertRules",
            "kind": "Scheduled",
            "properties": {
                "incidentConfiguration": {
                    "createIncident": true,
                    "groupingConfiguration": {
                        "enabled": false,
                        "reopenClosedIncident": false,
                        "lookbackDuration": "PT5H",
                        "matchingMethod": "AllEntities",
                    "groupByEntities": [],
                    "groupByAlertDetails": null,
                    "groupByCustomDetails": null
                }
            },
            "queryFrequency": "PT5M",
            "queryPeriod": "PT5M",
            "triggerOperator": "GreaterThan",
            "triggerThreshold": 0,
            "eventGroupingSettings": {
                "aggregationKind": "SingleAlert"
            },
            "severity": "Medium",
            "query": "Event\r\n| where RenderedDescription has \"wpr.exe\"\r\n| extend AccountCustomEntity = UserName\r\n| extend HostCustomEntity = Computer",
            "suppressionDuration": "PT5H",
            "suppressionEnabled": false,
        "tactics": [],
        "displayName": "Sysmon - WPR command used",
        "enabled": true,
        "description": "Windows performance recorder can be used to modify logging events. Investigate to determine if this is an expected behavior.",
        "alertRuleTemplateName": null
    },
    "apiVersion": "2021-09-01-preview"
}
]
}
