{
    "$schema": "https://schema.management.azure.com/schemas/2019-04-01/deploymentTemplate.json#",
    "contentVersion": "1.0.0.0",
    "parameters": {
        "workspace": {
            "type": "String"
        }
    },
    "resources": [
        {
            "id": "[concat(resourceId('Microsoft.OperationalInsights/workspaces/providers', parameters('workspace'), 'Microsoft.SecurityInsights'),'/alertRules/dc94d8c2-c179-4253-afd1-950881fa2104')]",
            "name": "[concat(parameters('workspace'),'/Microsoft.SecurityInsights/dc94d8c2-c179-4253-afd1-950881fa2104')]",
            "type": "Microsoft.OperationalInsights/workspaces/providers/alertRules",
            "kind": "Scheduled",
            "properties": {
                "incidentConfiguration": {
                    "createIncident": true,
                    "groupingConfiguration": {
                        "enabled": false,
                        "reopenClosedIncident": false,
                        "lookbackDuration": "PT5H",
                        "matchingMethod": "AllEntities",
                    "groupByEntities": [],
                    "groupByAlertDetails": null,
                    "groupByCustomDetails": null
                }
            },
            "queryFrequency": "P1D",
            "queryPeriod": "P1D",
            "triggerOperator": "GreaterThan",
            "triggerThreshold": 0,
            "eventGroupingSettings": {
                "aggregationKind": "SingleAlert"
            },
            "severity": "High",
            "query": "let timeframe = 1d;\nlet DomainNames = dynamic([\"seoulhobi.biz\", \"reader.cash\", \"pieceview.club\", \"app-wallet.com\", \"bigwnet.com\", \"bitwoll.com\", \"cexrout.com\", \"change-pw.com\", \"checkprofie.com\", \"cloudwebappservice.com\", \"ctquast.com\", \"dataviewering.com\", \"day-post.com\", \"dialy-post.com\", \"documentviewingcom.com\", \"dovvn-mail.com\", \"down-error.com\", \"drivecheckingcom.com\", \"drog-service.com\", \"encodingmail.com\", \"filinvestment.com\", \"foldershareing.com\", \"golangapis.com\", \"hotrnall.com\", \"lh-logins.com\", \"login-use.com\", \"mail-down.com\", \"matmiho.com\", \"mihomat.com\", \"natwpersonal-online.com\", \"nidlogin.com\", \"nid-login.com\", \"nidlogon.com\", \"pw-change.com\", \"rnaii.com\", \"rnailm.com\", \"sec-live.com\", \"secrityprocessing.com\", \"securitedmode.com\", \"securytingmail.com\", \"set-login.com\", \"usrchecking.com\", \"com-serviceround.info\", \"mai1.info\", \"reviewer.mobi\", \"files-download.net\", \"fixcool.net\", \"hanrnaii.net\", \"office356-us.org\", \"smtper.org\"]);\n(union isfuzzy=true\n(CommonSecurityLog \n| where TimeGenerated >= ago(timeframe) \n| parse Message with * '(' DNSName ')' * \n| where isnotempty(FileHash)\n| where DNSName in~ (DomainNames)\n| extend Account = SourceUserID, Computer = DeviceName, IPAddress = SourceIP\n),\n(DnsEvents \n| where TimeGenerated >= ago(timeframe) \n| extend DNSName = Name\n| where isnotempty(DNSName)\n| where DNSName  in~ (DomainNames)\n| extend IPAddress = ClientIP\n),\n(VMConnection \n| where TimeGenerated >= ago(timeframe) \n| parse RemoteDnsCanonicalNames with * '[\"' DNSName '\"]' *\n| where isnotempty(DNSName)\n| where DNSName  in~ (DomainNames)\n| extend IPAddress = RemoteIp\n)\n)\n| extend timestamp = TimeGenerated, AccountCustomEntity = Account, HostCustomEntity = Computer, IPCustomEntity = IPAddress",
            "suppressionDuration": "PT5H",
            "suppressionEnabled": false,
            "tactics": [
                "CommandAndControl",
                "CredentialAccess"
            ],
            "displayName": "THALLIUM domains included in DCU takedown",
            "enabled": true,
            "description": "THALLIUM spearphishing and command and control domains included in December 2019 DCU/MSTIC takedown. \n Matches domain name IOCs related to the THALLIUM activity group with CommonSecurityLog, DnsEvents, VMConnection and SecurityEvents dataTypes.\n References: https://blogs.microsoft.com/on-the-issues/2019/12/30/microsoft-court-action-against-nation-state-cybercrime/ ",
            "alertRuleTemplateName": "70b12a3b-4896-42cb-910c-5ffaf8d7987d"
        },
        "apiVersion": "2021-09-01-preview"
    }
]
}
