{
    "$schema": "https://schema.management.azure.com/schemas/2019-04-01/deploymentTemplate.json#",
    "contentVersion": "1.0.0.0",
    "parameters": {
        "workspace": {
            "type": "String"
        }
    },
    "resources": [
        {
            "id": "[concat(resourceId('Microsoft.OperationalInsights/workspaces/providers', parameters('workspace'), 'Microsoft.SecurityInsights'),'/alertRules/ba01f8f9-59ef-4532-913b-77e310b6643a')]",
            "name": "[concat(parameters('workspace'),'/Microsoft.SecurityInsights/ba01f8f9-59ef-4532-913b-77e310b6643a')]",
            "type": "Microsoft.OperationalInsights/workspaces/providers/alertRules",
            "kind": "Scheduled",
            "properties": {
                "incidentConfiguration": {
                    "createIncident": true,
                    "groupingConfiguration": {
                        "enabled": true,
                        "reopenClosedIncident": false,
                        "lookbackDuration": "PT5M",
                        "matchingMethod": "Selected",
                        "groupByEntities": [
                            "IP"
                        ],
                        "groupByAlertDetails": [
                            "DisplayName"
                        ],
                        "groupByCustomDetails": null
                    }
                },
                "customDetails": {
                    "Protocol": "Protocol",
                    "Sensor": "DeviceId"
                },
                "entityMappings": [
                    {
                        "entityType": "IP",
                        "fieldMappings": [
                            {
                                "identifier": "Address",
                                "columnName": "SourceDeviceAddress"
                            }
                        ]
                    },
                    {
                        "entityType": "IP",
                        "fieldMappings": [
                            {
                                "identifier": "Address",
                                "columnName": "DestDeviceAddress"
                            }
                        ]
                    }
                ],
                "alertDetailsOverride": {
                    "alertDisplayNameFormat": "(MDIoT) {{AlertName}}",
                    "alertDescriptionFormat": "(MDIoT) {{Description}}",
                    "alertTacticsColumnName": "Tactics",
                    "alertSeverityColumnName": "AlertSeverity"
                },
                "queryFrequency": "PT1H",
                "queryPeriod": "PT1H",
                "triggerOperator": "GreaterThan",
                "triggerThreshold": 0,
                "eventGroupingSettings": {
                    "aggregationKind": "AlertPerResult"
                },
                "severity": "Medium",
                "query": "SecurityAlert\n| where ProductName == \"Azure Security Center for IoT\"\n| where AlertName == \"Field Device Discovered Unexpectedly\" \nor AlertName == \"New Asset Detected\" \nor AlertName == \"Abnormal usage of MAC Addresses\" \nor AlertName == \"New LLDP Device Configuration\"\n| extend DeviceId = tostring(parse_json(ExtendedProperties).DeviceId)\n| extend SourceDeviceAddress = tostring(parse_json(ExtendedProperties).SourceDeviceAddress)\n| extend DestDeviceAddress = tostring(parse_json(ExtendedProperties).DestinationDeviceAddress)\n| extend RemediationSteps = tostring(parse_json(RemediationSteps)[0])\n| extend Protocol = tostring(parse_json(ExtendedProperties).Protocol)\n| project\n  TimeGenerated,\n  DeviceId,\n  ProductName,\n  ProductComponentName,\n  AlertSeverity,\n  AlertName,\n  Description,\n  Protocol,\n  SourceDeviceAddress,\n  DestDeviceAddress,\n  RemediationSteps,\n  Tactics,\n  AlertLink\n",
                "suppressionDuration": "PT1H",
                "suppressionEnabled": false,
                "tactics": [
                    "Execution"
                ],
                "displayName": "Unauthorized device in the network (Microsoft Defender for IoT)",
                "enabled": true,
                "description": "This alert leverages Defender for IoT to detect a new device indicating a legitimate device recently installed on the network or an indication of malicious activity such as a cyber threat attempting to manipulate the SCADA network.",
                "alertRuleTemplateName": null
            },
            "apiVersion": "2021-09-01-preview"
        }
    ]
}
