{
    "$schema": "https://schema.management.azure.com/schemas/2019-04-01/deploymentTemplate.json#",
    "contentVersion": "1.0.0.0",
    "parameters": {
        "workspace": {
            "type": "String"
        }
    },
    "resources": [
        {
            "id": "[concat(resourceId('Microsoft.OperationalInsights/workspaces/providers', parameters('workspace'), 'Microsoft.SecurityInsights'),'/alertRules/dc88ae20-9956-45df-b8be-c260d57ae0b2')]",
            "name": "[concat(parameters('workspace'),'/Microsoft.SecurityInsights/dc88ae20-9956-45df-b8be-c260d57ae0b2')]",
            "type": "Microsoft.OperationalInsights/workspaces/providers/alertRules",
            "kind": "Scheduled",
            "properties": {
                "incidentConfiguration": {
                    "createIncident": true,
                    "groupingConfiguration": {
                        "enabled": false,
                        "reopenClosedIncident": false,
                        "lookbackDuration": "PT5H",
                        "matchingMethod": "AllEntities",
                    "groupByEntities": [],
                    "groupByAlertDetails": null,
                    "groupByCustomDetails": null
                }
            },
            "queryFrequency": "P1D",
            "queryPeriod": "P1D",
            "triggerOperator": "GreaterThan",
            "triggerThreshold": 0,
            "eventGroupingSettings": {
                "aggregationKind": "SingleAlert"
            },
            "severity": "Low",
            "query": "let timeframe = 1d;\n// For AD SID mappings - https://docs.microsoft.com/windows/security/identity-protection/access-control/active-directory-security-groups\nlet WellKnownLocalSID = \"S-1-5-32-5[0-9][0-9]$\";\nlet WellKnownGroupSID = \"S-1-5-21-[0-9]*-[0-9]*-[0-9]*-5[0-9][0-9]$|S-1-5-21-[0-9]*-[0-9]*-[0-9]*-1102$|S-1-5-21-[0-9]*-[0-9]*-[0-9]*-1103$|S-1-5-21-[0-9]*-[0-9]*-[0-9]*-498$|S-1-5-21-[0-9]*-[0-9]*-[0-9]*-1000$\";\nSecurityEvent \n| where TimeGenerated > ago(timeframe)\n// When MemberName contains '-' this indicates addition of a group to a group\n| where AccountType == \"User\" and MemberName != \"-\"\n// 4728 - A member was added to a security-enabled global group\n// 4732 - A member was added to a security-enabled local group\n// 4756 - A member was added to a security-enabled universal group\n| where EventID in (4728, 4732, 4756)   \n| where TargetSid matches regex WellKnownLocalSID or TargetSid matches regex WellKnownGroupSID\n// Exclude Remote Desktop Users group: S-1-5-32-555\n| where TargetSid !in (\"S-1-5-32-555\")\n| extend SimpleMemberName = tostring(split(tostring(split(MemberName, \",\")[0]),\"CN=\")[1])\n| project StartTimeUtc = TimeGenerated, EventID, Activity, Computer, SimpleMemberName, MemberName, MemberSid, TargetUserName, TargetDomainName, TargetSid, UserPrincipalName, SubjectUserName, SubjectUserSid\n| extend timestamp = StartTimeUtc, AccountCustomEntity = SimpleMemberName, HostCustomEntity = Computer",
            "suppressionDuration": "PT5H",
            "suppressionEnabled": false,
            "tactics": [
                "Persistence",
                "PrivilegeEscalation"
            ],
            "displayName": "User account added to built in domain local or global group",
            "enabled": true,
            "description": "Identifies when a user account has been added to a privileged built in domain local group or global group \nsuch as the Enterprise Admins, Cert Publishers or DnsAdmins. Be sure to verify this is an expected addition.",
            "alertRuleTemplateName": "a35f2c18-1b97-458f-ad26-e033af18eb99"
        },
        "apiVersion": "2021-09-01-preview"
    }
]
}
